selection_order,dataset,split,source_id,source_label,donor_id,target_label,source_text_hash,control_text_hash,changed_intent_bearing_concept,boundary_class,label_risk_stratum,eligibility,donor_reuse_count_after_selection
1,BANKING77,test,banking77:test:00920,getting_virtual_card,banking77:test:02400,getting_spare_card,38f3d70f6905732f3b7eb2b8664d1b5949ace19df6b085b9638c58e688bb77bf,2321e742b6d7c80963c2c61f2658f67c761a461ede5dd91bb76202ad5ea39eb9,official route changes from getting_virtual_card to getting_spare_card,NEAREST,published_label_level_proxy,ELIGIBLE,1
2,BANKING77,test,banking77:test:00000,card_arrival,banking77:test:00960,card_acceptance,57a5a4533e3e3cf2792c4d5b2efe5c003df50a3588a8505158a0f0c16da5313f,ff1bc16e453746f4a247199f1372b8f31e73a457f54b54d915e50ed62a9ffa4d,official route changes from card_arrival to card_acceptance,NEAREST,published_label_level_proxy,ELIGIBLE,1
3,BANKING77,test,banking77:test:00840,transfer_not_received_by_recipient,banking77:test:02680,balance_not_updated_after_bank_transfer,91e04f4c9ffe684e9e4316f0ae4045704aa5ce0638edcc312a334cf4a7a9d7c7,be6154657e0cf65db63dac6fd5b0bd1d6d177b5fd2e6eea543b7f0402db21b74,official route changes from transfer_not_received_by_recipient to balance_not_updated_after_bank_transfer,NEAREST,published_label_level_proxy,ELIGIBLE,1
4,BANKING77,test,banking77:test:00921,getting_virtual_card,banking77:test:02401,getting_spare_card,0ec2bdf5f18cf40dd8dbab183d9d610463eb08894bac4cc9f4c179e14ae51ff6,d676937bf397db6953327ba44ca0f863dfb0077dc2caf9d06bb6de1f49c2e770,official route changes from getting_virtual_card to getting_spare_card,NEAREST,published_label_level_proxy,ELIGIBLE,1
5,BANKING77,test,banking77:test:00001,card_arrival,banking77:test:00961,card_acceptance,81ccf0c11fdfd3275eb01f371abbf38920cbbad5851de604fd33cc3552c69cab,9574082dc9bf7a96abf48fb56b10ea56e94f52014dc61140161b4b178d258c89,official route changes from card_arrival to card_acceptance,NEAREST,published_label_level_proxy,ELIGIBLE,1
6,BANKING77,test,banking77:test:00841,transfer_not_received_by_recipient,banking77:test:02681,balance_not_updated_after_bank_transfer,35680eb9ff65e9445066a0b064abdf9bd4314d27a48e5e435ab547b7385e1590,2031edf3eb9a76d5b174b46205f54ae2c31d30d2ad6804f800d3d4515b8ee5ad,official route changes from transfer_not_received_by_recipient to balance_not_updated_after_bank_transfer,NEAREST,published_label_level_proxy,ELIGIBLE,1
7,BANKING77,test,banking77:test:02640,top_up_failed,banking77:test:00320,automatic_top_up,b2d90d7952cecff693e98a2d7d1429101af72c370bde0fec13cb36439ecd0799,d65e9b75c67d6a53ebd4457246ff3d57899174ff9ac1dad92758900efdce1656,official route changes from top_up_failed to automatic_top_up,NEAREST,published_label_level_proxy,ELIGIBLE,1
8,BANKING77,test,banking77:test:01000,top_up_reverted,banking77:test:00321,automatic_top_up,b96cd2de014007d01c1cf93f661d490b3af4d4cd2899235a1c178c26822cc4b3,70c319d68271307e7eabee9dd27cf8edb3108b07f84e4249540e3a2c97fb2736,official route changes from top_up_reverted to automatic_top_up,NEAREST,published_label_level_proxy,ELIGIBLE,1
9,BANKING77,test,banking77:test:01800,declined_card_payment,banking77:test:01600,pending_card_payment,0a62524666331d0890a27d90e1c6f818ad69243491828a745d92009f331c8c9e,d14e1129c9ad0d230422b72c5100f41be100ada4dbd6851a3e8f3707722a5677,official route changes from declined_card_payment to pending_card_payment,NEAREST,published_label_level_proxy,ELIGIBLE,1
10,BANKING77,test,banking77:test:00922,getting_virtual_card,banking77:test:02402,getting_spare_card,1ada5cc687434bc1703ff504361db8832f50a98b13fe8494d6d4a46abc384591,12784fb96b7871fbf89aecb1bba38f67b4dd081d7e84527579ad5189f850b40d,official route changes from getting_virtual_card to getting_spare_card,NEAREST,published_label_level_proxy,ELIGIBLE,1
11,BANKING77,test,banking77:test:00002,card_arrival,banking77:test:00962,card_acceptance,f3b7b46e7249c36b65cc5734dfcdf78d1446ee55aaf68600d8fd8b77a114565e,e181429bee296771e9c9f67cd56fe0f894ecfd3ac8a4f8824e9eea7097f43d06,official route changes from card_arrival to card_acceptance,NEAREST,published_label_level_proxy,ELIGIBLE,1
12,BANKING77,test,banking77:test:00842,transfer_not_received_by_recipient,banking77:test:02682,balance_not_updated_after_bank_transfer,d9b61c9ce58956bce25aaf1e1fac6ce3ae390a41bef29e71b8a00527106b7ce9,a7311a50449af7bdf43c7ddd6a1e33d5ca8116d5929a0c3b2ffc4b8c2c1ea5e4,official route changes from transfer_not_received_by_recipient to balance_not_updated_after_bank_transfer,NEAREST,published_label_level_proxy,ELIGIBLE,1
13,BANKING77,test,banking77:test:02680,balance_not_updated_after_bank_transfer,banking77:test:00840,transfer_not_received_by_recipient,be6154657e0cf65db63dac6fd5b0bd1d6d177b5fd2e6eea543b7f0402db21b74,91e04f4c9ffe684e9e4316f0ae4045704aa5ce0638edcc312a334cf4a7a9d7c7,official route changes from balance_not_updated_after_bank_transfer to transfer_not_received_by_recipient,NEAREST,published_label_level_proxy,ELIGIBLE,1
14,BANKING77,test,banking77:test:00640,pending_top_up,banking77:test:00322,automatic_top_up,3036249862a8ac9f71bfb74697d47e404177a5feab4e00740553d666098e2c17,d8544c832c3e19460cf0c908750bb44372f9214e493e765d095ce57380066449,official route changes from pending_top_up to automatic_top_up,NEAREST,published_label_level_proxy,ELIGIBLE,1
15,BANKING77,test,banking77:test:02642,top_up_failed,banking77:test:00323,automatic_top_up,5cb7fb02b174156b8a9d9f5524f90dd3ac025b63b510ac1f10a3c4dec355446a,1d96c9cead0c4152668dc4a1d2e8d133808aa8f9f23a3e6fb1f9528d2fe5d803,official route changes from top_up_failed to automatic_top_up,NEAREST,published_label_level_proxy,ELIGIBLE,1
16,BANKING77,test,banking77:test:01001,top_up_reverted,banking77:test:00324,automatic_top_up,f3cc1eff85469c0f23b1b083827059a11005b3551f45831c5768107bf1d256f3,78160599153f6d7394e0bed3df759348b838fc0f0927c70e1bfcba0a1bc757e6,official route changes from top_up_reverted to automatic_top_up,NEAREST,published_label_level_proxy,ELIGIBLE,1
17,BANKING77,test,banking77:test:01801,declined_card_payment,banking77:test:01601,pending_card_payment,8002ee606f36ad757b9269fedb62b84d40121553f9b8ef250287c0990ae4626d,e0f83c42b75aa588aaa66aa890e63a47a95cc8a2646a474e2b0a32da410ba751,official route changes from declined_card_payment to pending_card_payment,NEAREST,published_label_level_proxy,ELIGIBLE,1
18,BANKING77,test,banking77:test:00923,getting_virtual_card,banking77:test:02403,getting_spare_card,dcee77bf4b8eecd00c82d577a8a9e53674238058e9d13045c221e847ccf6d615,8347efaa9cf7c702f0170d0affa8663733c63d62e6fbacdf35af14de42bbb35b,official route changes from getting_virtual_card to getting_spare_card,NEAREST,published_label_level_proxy,ELIGIBLE,1
19,BANKING77,test,banking77:test:00003,card_arrival,banking77:test:00963,card_acceptance,03f3f243313805de8594f1b838a57a13da757314efac767e9cc9ad58ba6163a9,e0f6a55abff5f604593da77ba8f8095f01f27b2c2c5ee2baa99d90e6cf954dee,official route changes from card_arrival to card_acceptance,NEAREST,published_label_level_proxy,ELIGIBLE,1
20,BANKING77,test,banking77:test:00843,transfer_not_received_by_recipient,banking77:test:02683,balance_not_updated_after_bank_transfer,92a12287d889ffaa5961dbb462b0f7cba5a1ed20adf4be9bc0e9c146f25e60c2,cc110c1d9c03307a0d16fc407364e383a12e1c0278101f8c45787ad4d375db5a,official route changes from transfer_not_received_by_recipient to balance_not_updated_after_bank_transfer,NEAREST,published_label_level_proxy,ELIGIBLE,1
21,BANKING77,test,banking77:test:00440,lost_or_stolen_card,banking77:test:01640,lost_or_stolen_phone,e44ddb73be6331ea708af09528e3fbc5f5caa11a5361255b43bee5ba9e667c46,52a9c178e533aac1de4064532a1263f97e03b1ac814392da5686bdba204c941a,official route changes from lost_or_stolen_card to lost_or_stolen_phone,NEAREST,lower_proxy_risk,ELIGIBLE,1
22,BANKING77,test,banking77:test:01640,lost_or_stolen_phone,banking77:test:00440,lost_or_stolen_card,52a9c178e533aac1de4064532a1263f97e03b1ac814392da5686bdba204c941a,e44ddb73be6331ea708af09528e3fbc5f5caa11a5361255b43bee5ba9e667c46,official route changes from lost_or_stolen_phone to lost_or_stolen_card,NEAREST,lower_proxy_risk,ELIGIBLE,1
23,BANKING77,test,banking77:test:00320,automatic_top_up,banking77:test:00640,pending_top_up,d65e9b75c67d6a53ebd4457246ff3d57899174ff9ac1dad92758900efdce1656,3036249862a8ac9f71bfb74697d47e404177a5feab4e00740553d666098e2c17,official route changes from automatic_top_up to pending_top_up,NEAREST,lower_proxy_risk,ELIGIBLE,1
24,BANKING77,test,banking77:test:02360,verify_top_up,banking77:test:00325,automatic_top_up,6192e21340eb51479e4f48cf2cdc144c5ab8ffab10c03935c1c9ef730436001b,11f5389f21dce7e29a7032100250164c8d9052496c9586475caf0ecc866c91db,official route changes from verify_top_up to automatic_top_up,NEAREST,lower_proxy_risk,ELIGIBLE,1
25,BANKING77,test,banking77:test:02880,cash_withdrawal_charge,banking77:test:01560,declined_cash_withdrawal,8d53abc8496054d33d2b4ced09de3d485b86f01050072484ce92fa6a3ee2008d,1450b1fff1e57d1e58207bbcb5e98c19c976c4cf18d3069c1355c346e06252c1,official route changes from cash_withdrawal_charge to declined_cash_withdrawal,NEAREST,lower_proxy_risk,ELIGIBLE,1
26,BANKING77,test,banking77:test:02080,reverted_card_payment?,banking77:test:01800,declined_card_payment,d9e1813b1eccbeb9193a33416e821756de66083233ada8719b931eef37512d5b,0a62524666331d0890a27d90e1c6f818ad69243491828a745d92009f331c8c9e,official route changes from reverted_card_payment? to declined_card_payment,NEAREST,lower_proxy_risk,ELIGIBLE,1
27,BANKING77,test,banking77:test:01240,get_physical_card,banking77:test:02480,order_physical_card,858abe09eb5e0be4b538e0637549d5921a2148ccb8cd967605e812980c3516d3,6012c9604f28ab8478c2b6bb57f752afd1257fbbef228514e0e44e5d10c19367,official route changes from get_physical_card to order_physical_card,NEAREST,lower_proxy_risk,ELIGIBLE,1
28,BANKING77,test,banking77:test:02480,order_physical_card,banking77:test:01240,get_physical_card,6012c9604f28ab8478c2b6bb57f752afd1257fbbef228514e0e44e5d10c19367,858abe09eb5e0be4b538e0637549d5921a2148ccb8cd967605e812980c3516d3,official route changes from order_physical_card to get_physical_card,NEAREST,lower_proxy_risk,ELIGIBLE,1
29,BANKING77,test,banking77:test:02400,getting_spare_card,banking77:test:00920,getting_virtual_card,2321e742b6d7c80963c2c61f2658f67c761a461ede5dd91bb76202ad5ea39eb9,38f3d70f6905732f3b7eb2b8664d1b5949ace19df6b085b9638c58e688bb77bf,official route changes from getting_spare_card to getting_virtual_card,NEAREST,lower_proxy_risk,ELIGIBLE,1
30,BANKING77,test,banking77:test:01320,topping_up_by_card,banking77:test:02800,top_up_by_card_charge,3dcec99e1e5a613cb6732334c7c63d048882b95f0b02220962159faa583846c7,3b684838db4fe215d25738b64dcdd94ee144ba5dc0d1a32592ead0d0fb90c397,official route changes from topping_up_by_card to top_up_by_card_charge,NEAREST,lower_proxy_risk,ELIGIBLE,1
31,BANKING77,test,banking77:test:01160,why_verify_identity,banking77:test:03000,verify_my_identity,7d556e91187ff7cfd7882b5af0753e132b6245cbfb865ccb32ae13482599af02,b82f1e488262576b9f7361110ad91636d7a527245629b0a9dee4299487f7755d,official route changes from why_verify_identity to verify_my_identity,NEAREST,lower_proxy_risk,ELIGIBLE,1
32,BANKING77,test,banking77:test:03000,verify_my_identity,banking77:test:01160,why_verify_identity,b82f1e488262576b9f7361110ad91636d7a527245629b0a9dee4299487f7755d,7d556e91187ff7cfd7882b5af0753e132b6245cbfb865ccb32ae13482599af02,official route changes from verify_my_identity to why_verify_identity,NEAREST,lower_proxy_risk,ELIGIBLE,1
33,BANKING77,test,banking77:test:00800,card_payment_fee_charged,banking77:test:01801,declined_card_payment,f1c7bac23b5dca0be76393c0fe162416040311d37a5d3e0b98142e3def6d7b90,8002ee606f36ad757b9269fedb62b84d40121553f9b8ef250287c0990ae4626d,official route changes from card_payment_fee_charged to declined_card_payment,NEAREST,lower_proxy_risk,ELIGIBLE,1
34,BANKING77,test,banking77:test:02200,transfer_fee_charged,banking77:test:00800,card_payment_fee_charged,cbf68e6f1b5bd83eaae0eafa5a38e4ae1820ef5d5b0f8a22b8cca71b3fdce046,f1c7bac23b5dca0be76393c0fe162416040311d37a5d3e0b98142e3def6d7b90,official route changes from transfer_fee_charged to card_payment_fee_charged,NEAREST,lower_proxy_risk,ELIGIBLE,1
35,BANKING77,test,banking77:test:00080,exchange_rate,banking77:test:00120,card_payment_wrong_exchange_rate,07aeb9fab22f9a330e311ba8fb83128a89b921b69b4e32cbefe21c9afcf540d5,47374cea3265c0fb318b57510ffda38f3f84c9f67e5d3272a18e92e6f61d8a22,official route changes from exchange_rate to card_payment_wrong_exchange_rate,NEAREST,lower_proxy_risk,ELIGIBLE,1
36,BANKING77,test,banking77:test:01360,disposable_card_limits,banking77:test:02600,get_disposable_virtual_card,7139e8bb24f1c827ca2b10ad6577ac9d37c3ead4ceb18d4280fd22f911956e99,4c1690928f89d900ee4f8b0885bb7da80a564020d453c85b182f6c52c26f4122,official route changes from disposable_card_limits to get_disposable_virtual_card,NEAREST,lower_proxy_risk,ELIGIBLE,1
37,BANKING77,test,banking77:test:02600,get_disposable_virtual_card,banking77:test:01360,disposable_card_limits,4c1690928f89d900ee4f8b0885bb7da80a564020d453c85b182f6c52c26f4122,7139e8bb24f1c827ca2b10ad6577ac9d37c3ead4ceb18d4280fd22f911956e99,official route changes from get_disposable_virtual_card to disposable_card_limits,NEAREST,lower_proxy_risk,ELIGIBLE,1
38,BANKING77,test,banking77:test:01200,unable_to_verify_identity,banking77:test:03001,verify_my_identity,e87a1aa6f706d38572285784da7e310c6e229b56ae48ba77d2eabe4b0fde3e99,7f0eb19a4329cfc77f6a594d842adadc587c7f0e5302199dbbb6258cba7a5f27,official route changes from unable_to_verify_identity to verify_my_identity,NEAREST,lower_proxy_risk,ELIGIBLE,1
39,BANKING77,test,banking77:test:02440,top_up_by_cash_or_cheque,banking77:test:02801,top_up_by_card_charge,d6b78320dd0878eb91b090892376417795361756716c4061a1b936d87f4a86b1,4cf6847dfedbab4ae7ed116144f4cb6f0dfd56e115845e87da05a4743c8f743c,official route changes from top_up_by_cash_or_cheque to top_up_by_card_charge,NEAREST,lower_proxy_risk,ELIGIBLE,1
40,BANKING77,test,banking77:test:01440,atm_support,banking77:test:03040,country_support,01d9a5bc59acbfb4b9692c6132644340eacd4bc58a946dd26b87dc3f18e430d6,fa09ba7aa18d6f5f29335d4253ed3371a08d3e599053a64a36d96590937283fa,official route changes from atm_support to country_support,NEAREST,lower_proxy_risk,ELIGIBLE,1
41,BANKING77,test,banking77:test:03040,country_support,banking77:test:01440,atm_support,fa09ba7aa18d6f5f29335d4253ed3371a08d3e599053a64a36d96590937283fa,01d9a5bc59acbfb4b9692c6132644340eacd4bc58a946dd26b87dc3f18e430d6,official route changes from country_support to atm_support,NEAREST,lower_proxy_risk,ELIGIBLE,1
42,BANKING77,test,banking77:test:00680,cancel_transfer,banking77:test:01720,declined_transfer,506d43bbc99890d99cf49c23a0837f573f66258fafbf77571d97124da4a15faa,45e4cdf8110a0c00b9ecaa539bc0bcbbba705b33028d03687f6c561bc3134465,official route changes from cancel_transfer to declined_transfer,NEAREST,lower_proxy_risk,ELIGIBLE,1
43,BANKING77,test,banking77:test:02040,transfer_timing,banking77:test:00680,cancel_transfer,63346c489e4744dc027022e71e7b51b21ce656352d4a9fa0f56d7139c3b018a0,506d43bbc99890d99cf49c23a0837f573f66258fafbf77571d97124da4a15faa,official route changes from transfer_timing to cancel_transfer,NEAREST,lower_proxy_risk,ELIGIBLE,1
44,BANKING77,test,banking77:test:00960,card_acceptance,banking77:test:00000,card_arrival,ff1bc16e453746f4a247199f1372b8f31e73a457f54b54d915e50ed62a9ffa4d,57a5a4533e3e3cf2792c4d5b2efe5c003df50a3588a8505158a0f0c16da5313f,official route changes from card_acceptance to card_arrival,NEAREST,lower_proxy_risk,ELIGIBLE,1
45,BANKING77,test,banking77:test:00040,card_linking,banking77:test:00964,card_acceptance,ba1ef1bdddc5cd4a39ce00b052dbb4e21d9f92c0b10a43bde9f2084ddb52767c,2e19a4a6c41426c3b8479ffaa8b50e66b0eab963a696b20f8ce64cb6df4bdc14,official route changes from card_linking to card_acceptance,NEAREST,lower_proxy_risk,ELIGIBLE,1
46,BANKING77,test,banking77:test:01920,card_swallowed,banking77:test:00965,card_acceptance,aa726c2ae8d3107a5cca421749fc1a98ce40319373b3295f7f74c32dfea45b34,b8dc6cc56a7e24af183dfb2decbb958ec84aefdf911a2affe72bbbf1cc7a2aad,official route changes from card_swallowed to card_acceptance,NEAREST,lower_proxy_risk,ELIGIBLE,1
47,BANKING77,test,banking77:test:00520,pin_blocked,banking77:test:02120,change_pin,cb8fd9731954cc585640fd877f143588ebcf1bcd968852017a0ce3962beff938,c28652dbd29c4a711b8b50412cc96c3df3444e2611161be43f38cd578644205b,official route changes from pin_blocked to change_pin,NEAREST,lower_proxy_risk,ELIGIBLE,1
48,BANKING77,test,banking77:test:02120,change_pin,banking77:test:00520,pin_blocked,c28652dbd29c4a711b8b50412cc96c3df3444e2611161be43f38cd578644205b,cb8fd9731954cc585640fd877f143588ebcf1bcd968852017a0ce3962beff938,official route changes from change_pin to pin_blocked,NEAREST,lower_proxy_risk,ELIGIBLE,1
49,BANKING77,test,banking77:test:02760,exchange_charge,banking77:test:00080,exchange_rate,266b0c11f5e22c083c11c8d6dd08668b7abf84ff53d83523ddac1a53ba5a9f74,07aeb9fab22f9a330e311ba8fb83128a89b921b69b4e32cbefe21c9afcf540d5,official route changes from exchange_charge to exchange_rate,NEAREST,lower_proxy_risk,ELIGIBLE,1
50,BANKING77,test,banking77:test:01480,direct_debit_payment_not_recognised,banking77:test:02720,cash_withdrawal_not_recognised,0ad54f03d1e2aec988ed6a1fec98597b5443308cc329eb309dd41e4d3fea34c0,18b34858c03229097c4b798ec62da69803148c0358b38f3a7cb984bad7312621,official route changes from direct_debit_payment_not_recognised to cash_withdrawal_not_recognised,NEAREST,lower_proxy_risk,ELIGIBLE,1
51,BANKING77,test,banking77:test:02840,activate_my_card,banking77:test:00966,card_acceptance,ac8e6235b465e378d28ca3a11fc15f3e7d95e7994379dbbc3d23ebb6a704ed47,1814af1af58ea4025685e398248675eea7e1f499146cf3e35c7d3a0804bd755f,official route changes from activate_my_card to card_acceptance,NEAREST,lower_proxy_risk,ELIGIBLE,1
52,BANKING77,test,banking77:test:00240,fiat_currency_support,banking77:test:01441,atm_support,be8599dfdbdf0ddc429fb54aeb6239203e848d5b70a104d5c0dff238934a5bb9,6b8d513943525bb33e16c70ced916c74bbc98177bd19d0fa4e1549df6d0d42c8,official route changes from fiat_currency_support to atm_support,NEAREST,lower_proxy_risk,ELIGIBLE,1
53,BANKING77,test,banking77:test:02320,transfer_into_account,banking77:test:00681,cancel_transfer,7cef5c414baca7b8fb85d3d6cd41c0e7a18d363d8bd3e2bd20b5d98e0cdf2c1f,fc70150f630819d412ea0a8bc3dd9a29a36ec7788f15c6c1f05601507d7b52dd,official route changes from transfer_into_account to cancel_transfer,NEAREST,lower_proxy_risk,ELIGIBLE,1
54,BANKING77,test,banking77:test:00280,card_delivery_estimate,banking77:test:00967,card_acceptance,9ecdeb8e1feffc7fdee028c77c663d617cdb3f08a409e06ba64ebf711a03d9a9,f606ca548078d1387840a012ec38f661e5a73ebcd72d423979ab37aa3c6996f3,official route changes from card_delivery_estimate to card_acceptance,NEAREST,lower_proxy_risk,ELIGIBLE,1
55,BANKING77,test,banking77:test:00400,exchange_via_app,banking77:test:02760,exchange_charge,c3c2dd774ae317152b81f7752a06ff012e80064b0dd228144e0b193811364d98,266b0c11f5e22c083c11c8d6dd08668b7abf84ff53d83523ddac1a53ba5a9f74,official route changes from exchange_via_app to exchange_charge,NEAREST,lower_proxy_risk,ELIGIBLE,1
56,BANKING77,test,banking77:test:01880,terminate_account,banking77:test:02320,transfer_into_account,82a60c10a124442ae508e70c1fbc562e8b472318c4787fb0846ec74a6683e97b,7cef5c414baca7b8fb85d3d6cd41c0e7a18d363d8bd3e2bd20b5d98e0cdf2c1f,official route changes from terminate_account to transfer_into_account,NEAREST,lower_proxy_risk,ELIGIBLE,1
57,BANKING77,test,banking77:test:00760,wrong_amount_of_cash_received,banking77:test:02560,wrong_exchange_rate_for_cash_withdrawal,cf3722e6f84db0eb3b05862fe75fc41513cf7b29188795cb907d1603794390c8,c808300eeab8b4460c47adc4c4205b8b48fe7ed6b99fe6a589d365815c5e0361,official route changes from wrong_amount_of_cash_received to wrong_exchange_rate_for_cash_withdrawal,NEAREST,lower_proxy_risk,ELIGIBLE,1
58,BANKING77,test,banking77:test:01760,Refund_not_showing_up,banking77:test:01680,request_refund,77d105933341b06b3f3141483c93a09afa0bf35406254569c712fdf503b7b1f5,3f8c6e37b74ea44914f28d9010cb908d0c5826e3d9de2ed555da03ff4c336f1a,official route changes from Refund_not_showing_up to request_refund,NEAREST,lower_proxy_risk,ELIGIBLE,1
59,BANKING77,test,banking77:test:02920,card_about_to_expire,banking77:test:00968,card_acceptance,2abcbb4b8b52c55d92463d39a4255870266070ad3d12536756e4870f24970a81,5c2e56a8b89554ee8af9cc642c3417cd5b7d0faaf0b3745ca287290882cae467,official route changes from card_about_to_expire to card_acceptance,NEAREST,lower_proxy_risk,ELIGIBLE,1
60,BANKING77,test,banking77:test:00160,extra_charge_on_statement,banking77:test:02761,exchange_charge,527a01385efd0f890edcac895dbf47396320d66707f7be539a8c21d5d89915aa,3234299212596d71b076efb87981de2b7a4bbb40443aeb923986ceee61e9e679,official route changes from extra_charge_on_statement to exchange_charge,NEAREST,lower_proxy_risk,ELIGIBLE,1
61,BANKING77,test,banking77:test:01960,transaction_charged_twice,banking77:test:02200,transfer_fee_charged,c5a4e1c5b01bfdb196014d3b1d24a8f111e0b23cfc555af1ac5854862abbb77d,cbf68e6f1b5bd83eaae0eafa5a38e4ae1820ef5d5b0f8a22b8cca71b3fdce046,official route changes from transaction_charged_twice to transfer_fee_charged,NEAREST,lower_proxy_risk,ELIGIBLE,1
62,BANKING77,test,banking77:test:01280,visa_or_mastercard,banking77:test:02960,apple_pay_or_google_pay,d1d7075bb89a437234d58e5ca6c7730cd8d6b657456f53e0f28489794e9eba9b,36276c463189b9fa5121eb6e4bcaeb6110ae160de6b640b037cf33942852c63a,official route changes from visa_or_mastercard to apple_pay_or_google_pay,NEAREST,lower_proxy_risk,ELIGIBLE,1
63,BANKING77,test,banking77:test:02960,apple_pay_or_google_pay,banking77:test:01280,visa_or_mastercard,36276c463189b9fa5121eb6e4bcaeb6110ae160de6b640b037cf33942852c63a,d1d7075bb89a437234d58e5ca6c7730cd8d6b657456f53e0f28489794e9eba9b,official route changes from apple_pay_or_google_pay to visa_or_mastercard,NEAREST,lower_proxy_risk,ELIGIBLE,1
64,BANKING77,test,banking77:test:02000,verify_source_of_funds,banking77:test:03002,verify_my_identity,50ca1bf52d564281e4041fc28293d70daccac2d33da83f2d5f9916d90b37eacf,b60a638ea7e6becb967f16b497025afd398bc50f06eef6641c187db1fe5303ff,official route changes from verify_source_of_funds to verify_my_identity,NEAREST,lower_proxy_risk,ELIGIBLE,1
65,BANKING77,test,banking77:test:00480,age_limit,banking77:test:01760,Refund_not_showing_up,18dbe4c7bac3d1876f15c5843f7a86fc8c8b3a79f2329a23b70690d437cd6343,77d105933341b06b3f3141483c93a09afa0bf35406254569c712fdf503b7b1f5,official route changes from age_limit to Refund_not_showing_up,NEAREST,lower_proxy_risk,ELIGIBLE,1
66,BANKING77,test,banking77:test:01120,edit_personal_details,banking77:test:01761,Refund_not_showing_up,9a035effbf81f95f07c437b18a7b75446c4998545468634485f075e3f42da177,52a772cf2c277306c6c4c65c822e4336de24ef9f14f586a7d4a9af47bf3e0f7b,official route changes from edit_personal_details to Refund_not_showing_up,NEAREST,lower_proxy_risk,ELIGIBLE,1
67,BANKING77,test,banking77:test:01520,passcode_forgotten,banking77:test:01762,Refund_not_showing_up,0182174c7daf28cc2131f16e958f85c5ed1bca0ea6eac2dd7c5560cca7bb1770,fad7b26d3e88893bf9277dcc9c10a50daa2e5fe00b619cca8b79f2f6dd095849,official route changes from passcode_forgotten to Refund_not_showing_up,NEAREST,lower_proxy_risk,ELIGIBLE,1
68,BANKING77,test,banking77:test:02240,receiving_money,banking77:test:01763,Refund_not_showing_up,0421de6138028ac314d67810a43d66cc7decf8d9cd72581581723d5b962749c3,3acc2925144c61ecfcd6d655bb7e4ec341e31394ae92f88a2cc7885a5b3fce13,official route changes from receiving_money to Refund_not_showing_up,NEAREST,lower_proxy_risk,ELIGIBLE,1
69,BANKING77,test,banking77:test:00880,supported_cards_and_currencies,banking77:test:01764,Refund_not_showing_up,159328647479925b40d7c991f3a0fcf768fbc198cce33c6d484d82d5c0d3af62,cca4b1ab40bcb494d456154344849487ad22545d92566e1b783a8896668e3bcd,official route changes from supported_cards_and_currencies to Refund_not_showing_up,NEAREST,lower_proxy_risk,ELIGIBLE,1
70,BANKING77,test,banking77:test:02520,virtual_card_not_working,banking77:test:00360,card_not_working,83c190358eaa74510b5ee85d6703900bc973cc4a58281e63fb233e885d37ce52,d1fb17a51a9c44d9fec9524168c78989c206841ac1935b94d7eca8218adbe62f,official route changes from virtual_card_not_working to card_not_working,NEAREST,lower_proxy_risk,ELIGIBLE,1
71,BANKING77,test,banking77:test:00441,lost_or_stolen_card,banking77:test:01641,lost_or_stolen_phone,bde9d4fc9e2e57289ea124bd87e45fb9be0d6559f66b8a0a8658e619f20c74bf,4c0d4a190cb4a4570592f46d378db13db6c0c24f2f8f8e3c5d066eeb52c1f6f0,official route changes from lost_or_stolen_card to lost_or_stolen_phone,NEAREST,lower_proxy_risk,ELIGIBLE,1
72,BANKING77,test,banking77:test:01641,lost_or_stolen_phone,banking77:test:00441,lost_or_stolen_card,4c0d4a190cb4a4570592f46d378db13db6c0c24f2f8f8e3c5d066eeb52c1f6f0,bde9d4fc9e2e57289ea124bd87e45fb9be0d6559f66b8a0a8658e619f20c74bf,official route changes from lost_or_stolen_phone to lost_or_stolen_card,NEAREST,lower_proxy_risk,ELIGIBLE,1
73,BANKING77,test,banking77:test:00600,top_up_by_bank_transfer_charge,banking77:test:02802,top_up_by_card_charge,bf04c51c2fff4dba01ec23ea174925eda0d978ccff3bc47452ea741e04943bc4,a69357e07c77f0aa1b6ee3f05ef06c3e7796b5e683722f93779d315860480ba0,official route changes from top_up_by_bank_transfer_charge to top_up_by_card_charge,NEAREST,lower_proxy_risk,ELIGIBLE,1
74,BANKING77,test,banking77:test:02800,top_up_by_card_charge,banking77:test:00600,top_up_by_bank_transfer_charge,3b684838db4fe215d25738b64dcdd94ee144ba5dc0d1a32592ead0d0fb90c397,bf04c51c2fff4dba01ec23ea174925eda0d978ccff3bc47452ea741e04943bc4,official route changes from top_up_by_card_charge to top_up_by_bank_transfer_charge,NEAREST,lower_proxy_risk,ELIGIBLE,1
75,BANKING77,test,banking77:test:00321,automatic_top_up,banking77:test:00641,pending_top_up,70c319d68271307e7eabee9dd27cf8edb3108b07f84e4249540e3a2c97fb2736,f88db1ae202a94564bc3485f4547f4a26126ae89e4eea0a1965dfcc6f0b2ccb3,official route changes from automatic_top_up to pending_top_up,NEAREST,lower_proxy_risk,ELIGIBLE,1
76,BANKING77,test,banking77:test:00720,top_up_limits,banking77:test:00326,automatic_top_up,ec67c1598062ab5a1b49039aa5facb283098566998c9de11efb2a13f1830ac73,e160ad3b5141da4e44bb827af3ccc0139a070299458913433f4a0cbd54372b85,official route changes from top_up_limits to automatic_top_up,NEAREST,lower_proxy_risk,ELIGIBLE,1
77,BANKING77,test,banking77:test:02361,verify_top_up,banking77:test:00327,automatic_top_up,16290cd4870b23f8753052588a6480b3568ec0487b2e83b9cfea5abd14b174bf,b9205a9193ce5f9e25c30b15e03de8cbb163bc93787f79265ddf9355d4e27665,official route changes from verify_top_up to automatic_top_up,NEAREST,lower_proxy_risk,ELIGIBLE,1
78,BANKING77,test,banking77:test:02881,cash_withdrawal_charge,banking77:test:01561,declined_cash_withdrawal,03231953bbbcb199c4c950ba0adf7fa93b583684691f14609d6fa29a9c10b99b,18b52a6cbbdc3d7a82bc85734fe89c516879a52540cb8fa8f122900869f05594,official route changes from cash_withdrawal_charge to declined_cash_withdrawal,NEAREST,lower_proxy_risk,ELIGIBLE,1
79,BANKING77,test,banking77:test:02081,reverted_card_payment?,banking77:test:01802,declined_card_payment,9df70ea3110bc2db1a45072721cad2b18817c5e45f35d1259df410dff358f761,21d45c117334d2465fec2b43d3d4b0e70534b107109f42f009f79f36265cbe83,official route changes from reverted_card_payment? to declined_card_payment,NEAREST,lower_proxy_risk,ELIGIBLE,1
80,BANKING77,test,banking77:test:01241,get_physical_card,banking77:test:02481,order_physical_card,ff931c14850da0597caf9fd3aee27aafb632f7fbe824db3fcd0d3d66d4b4deaf,e4a681a80a2220a8d0b06d868dec7270ae8d53046ac8b12550fc4bf8deb2fb4b,official route changes from get_physical_card to order_physical_card,NEAREST,lower_proxy_risk,ELIGIBLE,1
81,BANKING77,test,banking77:test:02681,balance_not_updated_after_bank_transfer,banking77:test:02561,wrong_exchange_rate_for_cash_withdrawal,2031edf3eb9a76d5b174b46205f54ae2c31d30d2ad6804f800d3d4515b8ee5ad,f82178d3c3e58199279e732a6a37b6f89cdea3371d9dcc2f8f53f749f424cb76,official route changes from balance_not_updated_after_bank_transfer to wrong_exchange_rate_for_cash_withdrawal,ORDINARY,published_label_level_proxy,ELIGIBLE,1
82,BANKING77,test,banking77:test:00844,transfer_not_received_by_recipient,banking77:test:02562,wrong_exchange_rate_for_cash_withdrawal,7af8ee7fde13309e800e489cd1680beb119565bd674853c426b98e627dcf1b7f,55978e69f61ef2307dcef21bc93f5b480afaf508cbf661a797197de2f9ca0392,official route changes from transfer_not_received_by_recipient to wrong_exchange_rate_for_cash_withdrawal,ORDINARY,published_label_level_proxy,ELIGIBLE,1
83,BANKING77,test,banking77:test:01002,top_up_reverted,banking77:test:02563,wrong_exchange_rate_for_cash_withdrawal,22e432d48c92e7d6c8ccf6b836684025ef13391a817f7c645a2ca3f9bf2cdccb,46478c64eaf19473fcf0400453951658e4520631cc75802e52c07a4262a0226a,official route changes from top_up_reverted to wrong_exchange_rate_for_cash_withdrawal,ORDINARY,published_label_level_proxy,ELIGIBLE,1
84,BANKING77,test,banking77:test:02643,top_up_failed,banking77:test:02564,wrong_exchange_rate_for_cash_withdrawal,d32cd58dec32ec11a5b620f1a773fd8914cbfbeb5e09a8211053fefb93fbc975,acbe43972b6d92553dd6358b5b5667bc5565630eb6aff7d2c67a53bbd886c020,official route changes from top_up_failed to wrong_exchange_rate_for_cash_withdrawal,ORDINARY,published_label_level_proxy,ELIGIBLE,1
85,BANKING77,test,banking77:test:00641,pending_top_up,banking77:test:02565,wrong_exchange_rate_for_cash_withdrawal,f88db1ae202a94564bc3485f4547f4a26126ae89e4eea0a1965dfcc6f0b2ccb3,cd47a2d5fe2bdf4c1a57992f0c8d56229309f96d30ab3a214571283675cb626f,official route changes from pending_top_up to wrong_exchange_rate_for_cash_withdrawal,ORDINARY,published_label_level_proxy,ELIGIBLE,1
86,BANKING77,test,banking77:test:00924,getting_virtual_card,banking77:test:02566,wrong_exchange_rate_for_cash_withdrawal,3aa6b57ecf8b328244bd2208af7e7af619b56a4aea054fe3d177eb7b65d98446,2e007a37068a758b564a05150d721d00f498b0bf1b85e628d202447900d4a6e7,official route changes from getting_virtual_card to wrong_exchange_rate_for_cash_withdrawal,ORDINARY,published_label_level_proxy,ELIGIBLE,1
87,BANKING77,test,banking77:test:01802,declined_card_payment,banking77:test:02567,wrong_exchange_rate_for_cash_withdrawal,21d45c117334d2465fec2b43d3d4b0e70534b107109f42f009f79f36265cbe83,e64bdbed3c727fb61566e3ae529e97d2971850189d328ed5a98de6c9239de81a,official route changes from declined_card_payment to wrong_exchange_rate_for_cash_withdrawal,ORDINARY,published_label_level_proxy,ELIGIBLE,1
88,BANKING77,test,banking77:test:00004,card_arrival,banking77:test:02568,wrong_exchange_rate_for_cash_withdrawal,bb5a6ec65432e6ff06c651bf5d3a50f4ff09dab0b2549331a5fabb3527aa2598,bac04e4ea8a748311f47ee5df7b8e77213d0206e2a8c7cfa95f7b02fc0c51d2c,official route changes from card_arrival to wrong_exchange_rate_for_cash_withdrawal,ORDINARY,published_label_level_proxy,ELIGIBLE,1
89,BANKING77,test,banking77:test:02682,balance_not_updated_after_bank_transfer,banking77:test:02569,wrong_exchange_rate_for_cash_withdrawal,a7311a50449af7bdf43c7ddd6a1e33d5ca8116d5929a0c3b2ffc4b8c2c1ea5e4,0d561f063654c347be8226b5081501eac6ad5f61d2ea094316d093b35687e6b9,official route changes from balance_not_updated_after_bank_transfer to wrong_exchange_rate_for_cash_withdrawal,ORDINARY,published_label_level_proxy,ELIGIBLE,1
90,BANKING77,test,banking77:test:00845,transfer_not_received_by_recipient,banking77:test:02570,wrong_exchange_rate_for_cash_withdrawal,4149b00a0600574c4fc6096319beda050855813e0ec094184c478298ae9cd20f,b1edc0b90074c1bb1f62b59e52dc859fba915b406cc4f2c9be1ba2113f5b5177,official route changes from transfer_not_received_by_recipient to wrong_exchange_rate_for_cash_withdrawal,ORDINARY,published_label_level_proxy,ELIGIBLE,1
91,BANKING77,test,banking77:test:01003,top_up_reverted,banking77:test:02571,wrong_exchange_rate_for_cash_withdrawal,ac88e97e855b0ae897a8886d99a6385a7f75508245eb87a29f441de9391d9a72,6ff3f35b8b0802cf487159ca925f241285b61adc58fda95702116dc200c0b259,official route changes from top_up_reverted to wrong_exchange_rate_for_cash_withdrawal,ORDINARY,published_label_level_proxy,ELIGIBLE,1
92,BANKING77,test,banking77:test:02644,top_up_failed,banking77:test:02572,wrong_exchange_rate_for_cash_withdrawal,5353e1fbd60d623d27bf7707a2d98eb1a3b2da563d3805e9a64d7d821d983e8f,0eeee9f98da42a2def8475feb2d8a899a2644e4ae230c1e103026c0f7027dea6,official route changes from top_up_failed to wrong_exchange_rate_for_cash_withdrawal,ORDINARY,published_label_level_proxy,ELIGIBLE,1
93,BANKING77,test,banking77:test:00643,pending_top_up,banking77:test:02573,wrong_exchange_rate_for_cash_withdrawal,006b49fa8e69003a62b3ee27ee31e869c597f87a9db248540e5d7777fb7139a8,56c0542425dffc708eb0e1440f1b26e984c41284ff653870242bd9abf3e0910e,official route changes from pending_top_up to wrong_exchange_rate_for_cash_withdrawal,ORDINARY,published_label_level_proxy,ELIGIBLE,1
94,BANKING77,test,banking77:test:00925,getting_virtual_card,banking77:test:02574,wrong_exchange_rate_for_cash_withdrawal,14f408c43d43b6873b288c8f9d5dc8a937094b035577f7f93143e6a1bee4b343,f0f8d47dd58451ae8588dcf0db86ef9f11a150152e7ef7983d5583d4606653e1,official route changes from getting_virtual_card to wrong_exchange_rate_for_cash_withdrawal,ORDINARY,published_label_level_proxy,ELIGIBLE,1
95,BANKING77,test,banking77:test:01803,declined_card_payment,banking77:test:02575,wrong_exchange_rate_for_cash_withdrawal,6917d69414b14d0f074bd290074435bf45bab89c903aa4d941b73a1acef464bd,d4ef91105ea602fa44b1660762868ebba1b1a28324773ea4ca6606ef422808fb,official route changes from declined_card_payment to wrong_exchange_rate_for_cash_withdrawal,ORDINARY,published_label_level_proxy,ELIGIBLE,1
96,BANKING77,test,banking77:test:00005,card_arrival,banking77:test:02576,wrong_exchange_rate_for_cash_withdrawal,bac3a30aec6ad4d8d91ab1d9e17fc8fe2c103560f9ffffc699d51f3f4a734587,e2563c53b8dbd46a4f957852ec8519a10d8382eeccf26d91cbeb1f5d1d27dc3f,official route changes from card_arrival to wrong_exchange_rate_for_cash_withdrawal,ORDINARY,published_label_level_proxy,ELIGIBLE,1
97,BANKING77,test,banking77:test:02683,balance_not_updated_after_bank_transfer,banking77:test:02577,wrong_exchange_rate_for_cash_withdrawal,cc110c1d9c03307a0d16fc407364e383a12e1c0278101f8c45787ad4d375db5a,456ef620a455cac52a7a92469f84c424d823a2e8367b1796fc82aca556d1713d,official route changes from balance_not_updated_after_bank_transfer to wrong_exchange_rate_for_cash_withdrawal,ORDINARY,published_label_level_proxy,ELIGIBLE,1
98,BANKING77,test,banking77:test:00846,transfer_not_received_by_recipient,banking77:test:02578,wrong_exchange_rate_for_cash_withdrawal,8cba5b00579e08faefdf57fc806cf23428c13ef17d49659e3188e9ce1ab6e4b6,3d4a46f1e9717ff419b4f2d55f32da273d80361de3a687620e4203a465870e36,official route changes from transfer_not_received_by_recipient to wrong_exchange_rate_for_cash_withdrawal,ORDINARY,published_label_level_proxy,ELIGIBLE,1
99,BANKING77,test,banking77:test:01004,top_up_reverted,banking77:test:02579,wrong_exchange_rate_for_cash_withdrawal,6f558deba2b9815b0449d9c4cf53ef5a7642f5dcb032b857f993065c5fa0f0d4,69ca393912cdabf8d34f9788c8f0d4cd770f0463887f3a2f1648fbff65e790de,official route changes from top_up_reverted to wrong_exchange_rate_for_cash_withdrawal,ORDINARY,published_label_level_proxy,ELIGIBLE,1
100,BANKING77,test,banking77:test:01161,why_verify_identity,banking77:test:02580,wrong_exchange_rate_for_cash_withdrawal,883382e2db04369c3e41f4d73fe39c0eb1f071a6b1549d0290c3cc742c738de9,0682bafb8471e68b650ec8756e2bd95f6c9ccf5e4ac449c9237bca3fdb801a00,official route changes from why_verify_identity to wrong_exchange_rate_for_cash_withdrawal,ORDINARY,lower_proxy_risk,ELIGIBLE,1
101,BANKING77,test,banking77:test:02560,wrong_exchange_rate_for_cash_withdrawal,banking77:test:01161,why_verify_identity,c808300eeab8b4460c47adc4c4205b8b48fe7ed6b99fe6a589d365815c5e0361,883382e2db04369c3e41f4d73fe39c0eb1f071a6b1549d0290c3cc742c738de9,official route changes from wrong_exchange_rate_for_cash_withdrawal to why_verify_identity,ORDINARY,lower_proxy_risk,ELIGIBLE,1
102,BANKING77,test,banking77:test:00761,wrong_amount_of_cash_received,banking77:test:01162,why_verify_identity,5963d34d8069c2b60a6bce45c7cd24e1070d597a8b476f07ba13270939938c5c,1c5279cb1b2d2a07168d1fa2a4cc96813b788008001fc36fec21f5dbbb97a73f,official route changes from wrong_amount_of_cash_received to why_verify_identity,ORDINARY,lower_proxy_risk,ELIGIBLE,1
103,BANKING77,test,banking77:test:01281,visa_or_mastercard,banking77:test:02581,wrong_exchange_rate_for_cash_withdrawal,1b3154d1eb9103965a38df3cb254df6904977ac45133de23b41ecaa4cfb0058d,8eace20f3c83d3866c6a68143c8a283b663936146067226cfb3ee1dd59f5ae91,official route changes from visa_or_mastercard to wrong_exchange_rate_for_cash_withdrawal,ORDINARY,lower_proxy_risk,ELIGIBLE,1
104,BANKING77,test,banking77:test:02001,verify_source_of_funds,banking77:test:02582,wrong_exchange_rate_for_cash_withdrawal,2e4590f0096a1d84fe61242ac29d7578aaa8cd8a766a546cc7b864cb1e8bf9f6,c53356122d27aa6ed3a1cf67539fcaa5c7f42f104e805174c0df94f158542445,official route changes from verify_source_of_funds to wrong_exchange_rate_for_cash_withdrawal,ORDINARY,lower_proxy_risk,ELIGIBLE,1
105,BANKING77,test,banking77:test:03001,verify_my_identity,banking77:test:02583,wrong_exchange_rate_for_cash_withdrawal,7f0eb19a4329cfc77f6a594d842adadc587c7f0e5302199dbbb6258cba7a5f27,341c556f71edc49f96ef057b0ab16cf92995995192bd6b1b3b3be4ef6a6e94b1,official route changes from verify_my_identity to wrong_exchange_rate_for_cash_withdrawal,ORDINARY,lower_proxy_risk,ELIGIBLE,1
106,BANKING77,test,banking77:test:01201,unable_to_verify_identity,banking77:test:02584,wrong_exchange_rate_for_cash_withdrawal,33c331087db902a55eaa52b5793bd15d8ca40b2ac865fb54583c7866329eb470,f06e52861d28f3b3bc01aac4180c667121c563c5489eece82d0745e91f3e94bc,official route changes from unable_to_verify_identity to wrong_exchange_rate_for_cash_withdrawal,ORDINARY,lower_proxy_risk,ELIGIBLE,1
107,BANKING77,test,banking77:test:02041,transfer_timing,banking77:test:02585,wrong_exchange_rate_for_cash_withdrawal,2aa82c4da55512def4c11d8ac101472f920aae59756e70f51482895ef339383e,06c73755829aa98e194e05d707ca0530d46dbb70e9a70aed81b1563cc989a73f,official route changes from transfer_timing to wrong_exchange_rate_for_cash_withdrawal,ORDINARY,lower_proxy_risk,ELIGIBLE,1
108,BANKING77,test,banking77:test:02321,transfer_into_account,banking77:test:02586,wrong_exchange_rate_for_cash_withdrawal,c1fa23cba54b775d661a7b96dafe2c0a20dbfa200fe07d7cbdf2545ec141a86f,8a156f1210ff3082bb00fa33d68c742b7bd0697506ba42ac3bb31f15cb41046e,official route changes from transfer_into_account to wrong_exchange_rate_for_cash_withdrawal,ORDINARY,lower_proxy_risk,ELIGIBLE,1
109,BANKING77,test,banking77:test:02201,transfer_fee_charged,banking77:test:02587,wrong_exchange_rate_for_cash_withdrawal,0c2e9f6deb52265356193618a4a786a060baf4e943ffdc8a8effb8ed923d1946,89ddf2cceed875ba94c9de251e1f71f7811223d188f95bf8501c79c130168458,official route changes from transfer_fee_charged to wrong_exchange_rate_for_cash_withdrawal,ORDINARY,lower_proxy_risk,ELIGIBLE,1
110,BANKING77,test,banking77:test:01961,transaction_charged_twice,banking77:test:02588,wrong_exchange_rate_for_cash_withdrawal,8d960f0c39db346a7260ca622324c73a37af1eaea024e52b540d689a84979f58,d3c43d50752f29ee3aa041e24ca75b67004f96bb15d1114f5367de411f35be1f,official route changes from transaction_charged_twice to wrong_exchange_rate_for_cash_withdrawal,ORDINARY,lower_proxy_risk,ELIGIBLE,1
111,BANKING77,test,banking77:test:01321,topping_up_by_card,banking77:test:02589,wrong_exchange_rate_for_cash_withdrawal,80314fcae5c79df34362b0edaa1856a92fed652b2ccc4f68aead09687fa72d2d,02133511255d8a566d41ae7d4d5615438bf26ec82e8cab0691e8094f84132d79,official route changes from topping_up_by_card to wrong_exchange_rate_for_cash_withdrawal,ORDINARY,lower_proxy_risk,ELIGIBLE,1
112,BANKING77,test,banking77:test:02441,top_up_by_cash_or_cheque,banking77:test:01163,why_verify_identity,90d70721b5194a098b80be4cf1828256f49099ff420081ff5ffce39cbf185bee,3a1ce8c3965a1bce0dc8f5593f4997dcee632bddc7edfb867d8e958a2c1d595a,official route changes from top_up_by_cash_or_cheque to why_verify_identity,ORDINARY,lower_proxy_risk,ELIGIBLE,1
113,BANKING77,test,banking77:test:01881,terminate_account,banking77:test:02590,wrong_exchange_rate_for_cash_withdrawal,32cffa1a76599974de11fccb7392bfd555246cf174543f49ef49e197def1fd3b,93c7bd72f11a9d06391d8d0efc255416daa3548b42083307686433174c74f6dd,official route changes from terminate_account to wrong_exchange_rate_for_cash_withdrawal,ORDINARY,lower_proxy_risk,ELIGIBLE,1
114,BANKING77,test,banking77:test:00881,supported_cards_and_currencies,banking77:test:02591,wrong_exchange_rate_for_cash_withdrawal,5b6d405b9e96131d1a30c88d311ef9b1b592142e099b6df2cb7398c12f571153,c25b2baadfd64d11938c503bf6c4dad007c9ac77000711c43a99d4d3579e8310,official route changes from supported_cards_and_currencies to wrong_exchange_rate_for_cash_withdrawal,ORDINARY,lower_proxy_risk,ELIGIBLE,1
115,BANKING77,test,banking77:test:01680,request_refund,banking77:test:02592,wrong_exchange_rate_for_cash_withdrawal,3f8c6e37b74ea44914f28d9010cb908d0c5826e3d9de2ed555da03ff4c336f1a,ab2efa512f0c1d7d3011001ac2128a4e967ac2b2262286fdac94658d02781a46,official route changes from request_refund to wrong_exchange_rate_for_cash_withdrawal,ORDINARY,lower_proxy_risk,ELIGIBLE,1
116,BANKING77,test,banking77:test:02241,receiving_money,banking77:test:02593,wrong_exchange_rate_for_cash_withdrawal,cb0d58c0e223de8eb37fcc982163450ae6703fda3be00b8a2750841657040fcc,16006b0c0af73a595aa05d56b44451d29c7141582094beee968005f192800da9,official route changes from receiving_money to wrong_exchange_rate_for_cash_withdrawal,ORDINARY,lower_proxy_risk,ELIGIBLE,1
117,BANKING77,test,banking77:test:00521,pin_blocked,banking77:test:02594,wrong_exchange_rate_for_cash_withdrawal,ee7742ee5bd3e4abf9c143a6e0d8c454febe4acbb50a67dce98a22bef6662ed8,19bd044cda438afc70249a1cdc9377c8799df0de78aa85eab216b0274a6db07a,official route changes from pin_blocked to wrong_exchange_rate_for_cash_withdrawal,ORDINARY,lower_proxy_risk,ELIGIBLE,1
118,BANKING77,test,banking77:test:01840,pending_transfer,banking77:test:02595,wrong_exchange_rate_for_cash_withdrawal,20d18de65e5aabcf391e4b7df85422eed5f7fc64e6b06e5da571bd315d886f09,ae6c1c03442e6576c05e7310ccac4e96d39f722c39e42fbb8386b4e2d495bdec,official route changes from pending_transfer to wrong_exchange_rate_for_cash_withdrawal,ORDINARY,lower_proxy_risk,ELIGIBLE,1
119,BANKING77,test,banking77:test:01521,passcode_forgotten,banking77:test:02596,wrong_exchange_rate_for_cash_withdrawal,23d4f62d7aca5576a5f7f283152ddbda309dca93b4f4caf2c672260ff5a0cd11,92d5007eb96ac627f4cbdee7e77850791e5018122fde94c75c9ba33fffa4c12e,official route changes from passcode_forgotten to wrong_exchange_rate_for_cash_withdrawal,ORDINARY,lower_proxy_risk,ELIGIBLE,1
120,BANKING77,test,banking77:test:02481,order_physical_card,banking77:test:02597,wrong_exchange_rate_for_cash_withdrawal,e4a681a80a2220a8d0b06d868dec7270ae8d53046ac8b12550fc4bf8deb2fb4b,6af75a33809dcc0eb9261858e75d9555ee014e2be50f03a7df0b155b63df92a6,official route changes from order_physical_card to wrong_exchange_rate_for_cash_withdrawal,ORDINARY,lower_proxy_risk,ELIGIBLE,1
121,BANKING77,test,banking77:test:02401,getting_spare_card,banking77:test:02598,wrong_exchange_rate_for_cash_withdrawal,d676937bf397db6953327ba44ca0f863dfb0077dc2caf9d06bb6de1f49c2e770,bcbcdb603192db3d108363dd7cdeb1de7e2ebfebc80b4435ea0d72eacc2002de,official route changes from getting_spare_card to wrong_exchange_rate_for_cash_withdrawal,ORDINARY,lower_proxy_risk,ELIGIBLE,1
122,BANKING77,test,banking77:test:02601,get_disposable_virtual_card,banking77:test:02599,wrong_exchange_rate_for_cash_withdrawal,e30cd81103632c1b49cce54e0fb289767ac245c5b851306a51ca3d3d0d11accb,dd16c632c75feecaceb7dd4c5fcb672e238163ace1e5873a2ecbf88567e9720c,official route changes from get_disposable_virtual_card to wrong_exchange_rate_for_cash_withdrawal,ORDINARY,lower_proxy_risk,ELIGIBLE,1
123,BANKING77,test,banking77:test:00241,fiat_currency_support,banking77:test:00760,wrong_amount_of_cash_received,e2016e7ca82ca4fe6db97c59d11d272bf67facdccd38fc498c9c93c5943ed74b,cf3722e6f84db0eb3b05862fe75fc41513cf7b29188795cb907d1603794390c8,official route changes from fiat_currency_support to wrong_amount_of_cash_received,ORDINARY,lower_proxy_risk,ELIGIBLE,1
124,BANKING77,test,banking77:test:00161,extra_charge_on_statement,banking77:test:00761,wrong_amount_of_cash_received,4c5cbd1d6d2a655581ebb52740ca8ece74197591de62111917349a59b3eff84c,5963d34d8069c2b60a6bce45c7cd24e1070d597a8b476f07ba13270939938c5c,official route changes from extra_charge_on_statement to wrong_amount_of_cash_received,ORDINARY,lower_proxy_risk,ELIGIBLE,1
125,BANKING77,test,banking77:test:00401,exchange_via_app,banking77:test:00762,wrong_amount_of_cash_received,73e653e1f64edb482caaceed134fcf3865c4706062add876b83de9b60206755c,c79cafed88d014471ac0e071e3d0064cbd62d82a76310c0cd53ce845825f0690,official route changes from exchange_via_app to wrong_amount_of_cash_received,ORDINARY,lower_proxy_risk,ELIGIBLE,1
126,BANKING77,test,banking77:test:00081,exchange_rate,banking77:test:00763,wrong_amount_of_cash_received,a03a263b5814087dbd8033b581c9efd28014c9c18ee5940fd280f3b1cc652d77,ac9da0e262e7bd207322e4f170a659bc7088ca787ab55ffa2619378aef28b031,official route changes from exchange_rate to wrong_amount_of_cash_received,ORDINARY,lower_proxy_risk,ELIGIBLE,1
127,BANKING77,test,banking77:test:02761,exchange_charge,banking77:test:00764,wrong_amount_of_cash_received,3234299212596d71b076efb87981de2b7a4bbb40443aeb923986ceee61e9e679,06777f4cbb61b5b51058794adf964a269a0945fb75f9a8479a5df1de9626016b,official route changes from exchange_charge to wrong_amount_of_cash_received,ORDINARY,lower_proxy_risk,ELIGIBLE,1
128,BANKING77,test,banking77:test:01121,edit_personal_details,banking77:test:00765,wrong_amount_of_cash_received,522e69b7e5c243f42678d459dd4eae084f75108d6c7294910f16109e9b17389d,db6ea203485d6ec847fa1c9f44e2bbfb512f561ce5b4c2def8b73ad79b89c775,official route changes from edit_personal_details to wrong_amount_of_cash_received,ORDINARY,lower_proxy_risk,ELIGIBLE,1
129,BANKING77,test,banking77:test:01361,disposable_card_limits,banking77:test:00766,wrong_amount_of_cash_received,e1f8894be8eef36a0c9ba924811cd284b5ee04a2031cd63239620daf2db44029,430dc986a400366590ed72016a09a97278979e213bcd4add531e3d585729a412,official route changes from disposable_card_limits to wrong_amount_of_cash_received,ORDINARY,lower_proxy_risk,ELIGIBLE,1
130,BANKING77,test,banking77:test:01481,direct_debit_payment_not_recognised,banking77:test:00767,wrong_amount_of_cash_received,cacd93434c334e74968810f591b3137e1aae0b4c28ff04d29dd8d8a656f6bb47,9c924e31dbd6340f2bb1896fe7139c41a815cd1fe77372980064e3ac354abf14,official route changes from direct_debit_payment_not_recognised to wrong_amount_of_cash_received,ORDINARY,lower_proxy_risk,ELIGIBLE,1
131,BANKING77,test,banking77:test:01720,declined_transfer,banking77:test:00768,wrong_amount_of_cash_received,45e4cdf8110a0c00b9ecaa539bc0bcbbba705b33028d03687f6c561bc3134465,57f2fc96d914dc3a36e6ddf34c2814035ec67632ce5e0c0b04bc2253020a0622,official route changes from declined_transfer to wrong_amount_of_cash_received,ORDINARY,lower_proxy_risk,ELIGIBLE,1
132,BANKING77,test,banking77:test:03041,country_support,banking77:test:00769,wrong_amount_of_cash_received,dcb99d597a02fcd3fcf355392585b4378fecb851fa5fdafecae1989335143127,1d6eaa4c2e0195a65a09ba26139d84fdc33d1e2734a2add25244f7a28ed92db8,official route changes from country_support to wrong_amount_of_cash_received,ORDINARY,lower_proxy_risk,ELIGIBLE,1
133,BANKING77,test,banking77:test:01400,compromised_card,banking77:test:00770,wrong_amount_of_cash_received,e4bb18cc890500a72c08745cbf6a022756f5f4d34ef8baef56e6b7289b0b45eb,16d712fb711b6943219ac9349bc845bcbd05e667141fc24f8fb93ca642a3990a,official route changes from compromised_card to wrong_amount_of_cash_received,ORDINARY,lower_proxy_risk,ELIGIBLE,1
134,BANKING77,test,banking77:test:02121,change_pin,banking77:test:00771,wrong_amount_of_cash_received,0f8900af960d7462dbb5f47ef831dbb31d2bb311ba210f56fdda6d2f39ffb617,add2e0f3cce7061ed3d00b40515971803d75451b9500631f13763692165a12ab,official route changes from change_pin to wrong_amount_of_cash_received,ORDINARY,lower_proxy_risk,ELIGIBLE,1
135,BANKING77,test,banking77:test:01921,card_swallowed,banking77:test:00772,wrong_amount_of_cash_received,4ebbbfa2edcc69f2c2ac8a93657d7ac6bdcc3d14d433c680e356012801bf4604,fe8183fc8d670a29464db7f9897f35e0514945a8c819cd0069cbbd77058f9476,official route changes from card_swallowed to wrong_amount_of_cash_received,ORDINARY,lower_proxy_risk,ELIGIBLE,1
136,BANKING77,test,banking77:test:00120,card_payment_wrong_exchange_rate,banking77:test:01164,why_verify_identity,47374cea3265c0fb318b57510ffda38f3f84c9f67e5d3272a18e92e6f61d8a22,0f7869a82a8972c523d61b586ed0642314b2928ff87e9ecfad78bfd35a51145a,official route changes from card_payment_wrong_exchange_rate to why_verify_identity,ORDINARY,lower_proxy_risk,ELIGIBLE,1
137,BANKING77,test,banking77:test:00801,card_payment_fee_charged,banking77:test:00773,wrong_amount_of_cash_received,4274bc367d25f686fe78566db0b714bdf0ead6d89a0988784fa2eeba06923c7d,99a058583608de80f5081bf5a2f83042e46aaedc35fd0b3f62e1055e9fe5b675,official route changes from card_payment_fee_charged to wrong_amount_of_cash_received,ORDINARY,lower_proxy_risk,ELIGIBLE,1
138,BANKING77,test,banking77:test:00041,card_linking,banking77:test:00774,wrong_amount_of_cash_received,81b9710f4c2ce9704e9941ceea687d1ab50ebe6523c714607a1002c5a8678fb1,a656702a2d88988e990f2ff93624a07945105ce091a1ff12709b69d54f50cfea,official route changes from card_linking to wrong_amount_of_cash_received,ORDINARY,lower_proxy_risk,ELIGIBLE,1
139,BANKING77,test,banking77:test:00281,card_delivery_estimate,banking77:test:00775,wrong_amount_of_cash_received,306053f1239d8cd75e73d65be35f8ed699c5d86ab00b089e8a6ee0aade51fbf4,49700db8e21b4c1b9550f82bb1f1fd2e807d720edcc34cc09c8402ffa1242cec,official route changes from card_delivery_estimate to wrong_amount_of_cash_received,ORDINARY,lower_proxy_risk,ELIGIBLE,1
140,BANKING77,test,banking77:test:00961,card_acceptance,banking77:test:00776,wrong_amount_of_cash_received,9574082dc9bf7a96abf48fb56b10ea56e94f52014dc61140161b4b178d258c89,93f027227ffcaf41fce67b420e8135fdc2b1e1055560bbfcf3412fd6795cc21c,official route changes from card_acceptance to wrong_amount_of_cash_received,ORDINARY,lower_proxy_risk,ELIGIBLE,1
141,BANKING77,test,banking77:test:02921,card_about_to_expire,banking77:test:00777,wrong_amount_of_cash_received,13fdd3517796cf02f323ec79b12667ab29a007396cab05e9f6431087b265244d,d5a7188992b383b15dd948fa681667962d702c96d58bfa56ccb5860bf058f5e4,official route changes from card_about_to_expire to wrong_amount_of_cash_received,ORDINARY,lower_proxy_risk,ELIGIBLE,1
142,BANKING77,test,banking77:test:00681,cancel_transfer,banking77:test:00778,wrong_amount_of_cash_received,fc70150f630819d412ea0a8bc3dd9a29a36ec7788f15c6c1f05601507d7b52dd,8a5463ce28c36ef7294a95456ff14ba2ef2e0588cf10d6a4c6e5ea552b49f100,official route changes from cancel_transfer to wrong_amount_of_cash_received,ORDINARY,lower_proxy_risk,ELIGIBLE,1
143,BANKING77,test,banking77:test:01040,balance_not_updated_after_cheque_or_cash_deposit,banking77:test:01165,why_verify_identity,8303447acb78ae7cdf9b9be00e2199754c0b4cb8e8f2710b3b305c393c98e174,8dafcd85cc248660ef71b4dbb9a903796f7f85e1986c8e5f7de9be9922b998f6,official route changes from balance_not_updated_after_cheque_or_cash_deposit to why_verify_identity,ORDINARY,lower_proxy_risk,ELIGIBLE,1
144,BANKING77,test,banking77:test:01441,atm_support,banking77:test:00779,wrong_amount_of_cash_received,6b8d513943525bb33e16c70ced916c74bbc98177bd19d0fa4e1549df6d0d42c8,41e976e51cc86a3fe4ab06af22d40806f4d7edc4e7251c321a2718020be47efe,official route changes from atm_support to wrong_amount_of_cash_received,ORDINARY,lower_proxy_risk,ELIGIBLE,1
145,BANKING77,test,banking77:test:02961,apple_pay_or_google_pay,banking77:test:00780,wrong_amount_of_cash_received,f755b2f6fd563a72014ce80eef7b0e25d327427d42a66efd14cf25d16ed058fd,63348c15fbf7c35a3dcd2bc266b18b736830f12f5f2b66609c77ae0713c1b98a,official route changes from apple_pay_or_google_pay to wrong_amount_of_cash_received,ORDINARY,lower_proxy_risk,ELIGIBLE,1
146,BANKING77,test,banking77:test:00481,age_limit,banking77:test:00781,wrong_amount_of_cash_received,c0deb4e56903d4287e0facf9b8476219a91cc591e4a6aff00e1b9d7ed3a474c0,940d4c76144ef1a0e4ced5960b0f53688465b0541923760c1d4c80e89cb3ae78,official route changes from age_limit to wrong_amount_of_cash_received,ORDINARY,lower_proxy_risk,ELIGIBLE,1
147,BANKING77,test,banking77:test:02841,activate_my_card,banking77:test:00782,wrong_amount_of_cash_received,3106dbcd7026bac730e62ef8b4c90c43bc047674a446f44673fa25822f0d84ff,ea6ccfa4146e7e05212cb005dae2b75a375acc1efffa2c1d8f93571a2bcbbcaf,official route changes from activate_my_card to wrong_amount_of_cash_received,ORDINARY,lower_proxy_risk,ELIGIBLE,1
148,BANKING77,test,banking77:test:01761,Refund_not_showing_up,banking77:test:00783,wrong_amount_of_cash_received,52a772cf2c277306c6c4c65c822e4336de24ef9f14f586a7d4a9af47bf3e0f7b,59e403038de1363b70685025118ef1034ab3eca70aa4dffd0400667b00e926c9,official route changes from Refund_not_showing_up to wrong_amount_of_cash_received,ORDINARY,lower_proxy_risk,ELIGIBLE,1
149,BANKING77,test,banking77:test:02561,wrong_exchange_rate_for_cash_withdrawal,banking77:test:01166,why_verify_identity,f82178d3c3e58199279e732a6a37b6f89cdea3371d9dcc2f8f53f749f424cb76,d90fdd4c69b1a6ac9cb224eb6c7033458f26194cb12ca3d21b4c11ed085a6702,official route changes from wrong_exchange_rate_for_cash_withdrawal to why_verify_identity,ORDINARY,lower_proxy_risk,ELIGIBLE,1
150,BANKING77,test,banking77:test:00762,wrong_amount_of_cash_received,banking77:test:01167,why_verify_identity,c79cafed88d014471ac0e071e3d0064cbd62d82a76310c0cd53ce845825f0690,35f6ec6072079c9a7a4ec1274428928d842c1eaf7c93e18e0b58b6a1ef18c0fb,official route changes from wrong_amount_of_cash_received to why_verify_identity,ORDINARY,lower_proxy_risk,ELIGIBLE,1
151,BANKING77,test,banking77:test:01162,why_verify_identity,banking77:test:00784,wrong_amount_of_cash_received,1c5279cb1b2d2a07168d1fa2a4cc96813b788008001fc36fec21f5dbbb97a73f,eb52543628bb843d81ce0699fc3570c73b65c0af58e4f3216aca1205ae313e9f,official route changes from why_verify_identity to wrong_amount_of_cash_received,ORDINARY,lower_proxy_risk,ELIGIBLE,1
152,BANKING77,test,banking77:test:01282,visa_or_mastercard,banking77:test:00785,wrong_amount_of_cash_received,10ab388b00431d115e9eaa678cc9b7f94758bf80b7f9281c950f74edc1dc4da4,b0aaca85ad6990b1b0176f28776899991fc5895b002cb67b020dd7b7a9869976,official route changes from visa_or_mastercard to wrong_amount_of_cash_received,ORDINARY,lower_proxy_risk,ELIGIBLE,1
153,BANKING77,test,banking77:test:02521,virtual_card_not_working,banking77:test:00786,wrong_amount_of_cash_received,e17eed6db42cc89fc933f84c599b5e8ee2fd9d6e73dea634b0d779e4719df6fa,342b3cc4f27656d57fcc0d90cabf939296ea68e60f1c0303b0cf45e9ab356e55,official route changes from virtual_card_not_working to wrong_amount_of_cash_received,ORDINARY,lower_proxy_risk,ELIGIBLE,1
154,BANKING77,test,banking77:test:02362,verify_top_up,banking77:test:00787,wrong_amount_of_cash_received,f7aa4b17adf92f26cbbee867d4a876ca3a247730cf0ddfd5c4a1a46612d7f08e,a058f377142222479840344a6d04eb9475a90d4cfbd7ac84e21b415003ed8f9d,official route changes from verify_top_up to wrong_amount_of_cash_received,ORDINARY,lower_proxy_risk,ELIGIBLE,1
155,BANKING77,test,banking77:test:02002,verify_source_of_funds,banking77:test:01281,visa_or_mastercard,62a30397ea95fe7edce92786fbb330b98a21d326fbc0ae6b8840bcf3fa118422,1b3154d1eb9103965a38df3cb254df6904977ac45133de23b41ecaa4cfb0058d,official route changes from verify_source_of_funds to visa_or_mastercard,ORDINARY,lower_proxy_risk,ELIGIBLE,1
156,BANKING77,test,banking77:test:03002,verify_my_identity,banking77:test:00788,wrong_amount_of_cash_received,b60a638ea7e6becb967f16b497025afd398bc50f06eef6641c187db1fe5303ff,772f39c3ca0d6d164ef224ef0273bf087051d6c45d36a86ed7c4a1b602b06a00,official route changes from verify_my_identity to wrong_amount_of_cash_received,ORDINARY,lower_proxy_risk,ELIGIBLE,1
157,BANKING77,test,banking77:test:01202,unable_to_verify_identity,banking77:test:00789,wrong_amount_of_cash_received,0c8d8b61955d0fa90f15d71cf3bf84e61964d6d20182b12e67787ba40eaa2e14,bb5cbc778c68e5a608a3fa45dd1f2c5275bf305c0d665b2606f229317efa42d0,official route changes from unable_to_verify_identity to wrong_amount_of_cash_received,ORDINARY,lower_proxy_risk,ELIGIBLE,1
158,BANKING77,test,banking77:test:02042,transfer_timing,banking77:test:00790,wrong_amount_of_cash_received,8a52988f97448d8d490db72a36957aba0dcd7b31e864e6b74beae47433118d81,22d3ab098ca9574a4cb7b7a5b1c10de9c307ed8565c25178eca5836d09995f04,official route changes from transfer_timing to wrong_amount_of_cash_received,ORDINARY,lower_proxy_risk,ELIGIBLE,1
159,BANKING77,test,banking77:test:02322,transfer_into_account,banking77:test:00791,wrong_amount_of_cash_received,37895016dedacb1db8da4ba1afa1fb28a0a94175af206ef0ac4844e50818f830,d108bd007e7d135a1d63dca87d9dcb045dd29f1db1ed18b2a6c175775ebf5fda,official route changes from transfer_into_account to wrong_amount_of_cash_received,ORDINARY,lower_proxy_risk,ELIGIBLE,1
160,BANKING77,test,banking77:test:02202,transfer_fee_charged,banking77:test:00792,wrong_amount_of_cash_received,1d43c7ed062fd438ff5fe8c8e3230f2d5c85c3ea0b35f397634a792aabd94998,2a1b1596dc4cee9aa39452c2cf48b9b17c4b466e6e6225eae722a7570936a220,official route changes from transfer_fee_charged to wrong_amount_of_cash_received,ORDINARY,lower_proxy_risk,ELIGIBLE,1
