selection_order,dataset,source_id,source_split,source_label,donor_id,donor_split,target_label,source_text_hash,control_text_hash,scope_transition,eligibility,donor_reuse_count_after_selection
1,CLINC150,clinc150:test:00467,test,application_status,clinc150:oos_test:00134,oos_test,oos,5be213c804b68bc8001282bb332391ce98f923d56c0601d9089828caeb37c493,0b1ac3126ec016d54600826fabe4dc568535be6c56aa885981c4f456e8f6ac5f,IN_SCOPE_TO_OOS,ELIGIBLE,1
2,CLINC150,clinc150:test:00739,test,restaurant_reservation,clinc150:oos_test:00040,oos_test,oos,063b5fbd11ce41c046777987fd5b470460d5e0c1ad0d12b3621b587d9c78d861,2e2f62f1842004e45bb318e49a304276c6f6bb2b7e89455fd2b8e989e5a249a0,IN_SCOPE_TO_OOS,ELIGIBLE,1
3,CLINC150,clinc150:test:01698,test,calendar,clinc150:oos_test:00715,oos_test,oos,ac8fe463cfda174095c95076074485258f49a3f8fbb1ed07ccd00eb961fdf867,9d67f9c929b2c16ad71ff08abda655da69d631d5428ecd95f53895f516ef29d7,IN_SCOPE_TO_OOS,ELIGIBLE,1
4,CLINC150,clinc150:oos_test:00134,oos_test,oos,clinc150:test:00467,test,application_status,0b1ac3126ec016d54600826fabe4dc568535be6c56aa885981c4f456e8f6ac5f,5be213c804b68bc8001282bb332391ce98f923d56c0601d9089828caeb37c493,OOS_TO_IN_SCOPE,ELIGIBLE,1
5,CLINC150,clinc150:oos_test:00040,oos_test,oos,clinc150:test:00739,test,restaurant_reservation,2e2f62f1842004e45bb318e49a304276c6f6bb2b7e89455fd2b8e989e5a249a0,063b5fbd11ce41c046777987fd5b470460d5e0c1ad0d12b3621b587d9c78d861,OOS_TO_IN_SCOPE,ELIGIBLE,1
6,CLINC150,clinc150:test:01061,test,restaurant_suggestion,clinc150:oos_test:00581,oos_test,oos,f6d4cfb56e121501a4ae5b0673505e712f402cbdef5181f45acc56503897cbd7,03b874ef5ae8425bfde507e88b8a205f338e94a4082fc7bc4190fdff5a0251d1,IN_SCOPE_TO_OOS,ELIGIBLE,1
7,CLINC150,clinc150:test:03239,test,current_location,clinc150:oos_test:00207,oos_test,oos,9260e18665b55ec1322d4cc33ac30421d5a269831c9497a7d7dad16bda1887fc,4fa481c10bec6af7cfa465e91a489c38d391c4b69e3e97a449f442678cc5d8e3,IN_SCOPE_TO_OOS,ELIGIBLE,1
8,CLINC150,clinc150:test:00080,test,timer,clinc150:oos_test:00987,oos_test,oos,fe6deca75e01d4fc26179e5499ad66dd30ca733e5a60facd6bded0cc0ae6d1a5,239dbc2f5935487d81e7e7c46a2385363827fa6bf041c7d3fb26b62f4a0f65fa,IN_SCOPE_TO_OOS,ELIGIBLE,1
9,CLINC150,clinc150:oos_test:00715,oos_test,oos,clinc150:test:01698,test,calendar,9d67f9c929b2c16ad71ff08abda655da69d631d5428ecd95f53895f516ef29d7,ac8fe463cfda174095c95076074485258f49a3f8fbb1ed07ccd00eb961fdf867,OOS_TO_IN_SCOPE,ELIGIBLE,1
10,CLINC150,clinc150:oos_test:00581,oos_test,oos,clinc150:test:01061,test,restaurant_suggestion,03b874ef5ae8425bfde507e88b8a205f338e94a4082fc7bc4190fdff5a0251d1,f6d4cfb56e121501a4ae5b0673505e712f402cbdef5181f45acc56503897cbd7,OOS_TO_IN_SCOPE,ELIGIBLE,1
11,CLINC150,clinc150:test:04134,test,cancel_reservation,clinc150:oos_test:00561,oos_test,oos,36d1dd93336aa292b16b28ce201245a94321de5c2bd5590126e6b860a1bdf04e,2c33477c7da8d483b798d9c98952d79df8c759329ed5e5cc4ff6807bad264e7e,IN_SCOPE_TO_OOS,ELIGIBLE,1
12,CLINC150,clinc150:test:03360,test,cancel,clinc150:oos_test:00114,oos_test,oos,e13f686cf314076f5161848daf88859e3bc9e101b14aff648e70e34cf8f7e631,0c67adefd5eccf54e5a4ff9d54ba4ae60760f3b3f74d05c8576c95924a17c38a,IN_SCOPE_TO_OOS,ELIGIBLE,1
13,CLINC150,clinc150:test:00934,test,user_name,clinc150:oos_test:00161,oos_test,oos,ec3d6bd822c36a25da3665ffc706f4a8f6737e8224e5765b01bd7b416832a98c,0e72b1ccbac2fe5fb3cf933a8f093d0913d25403c218c859ac57c12a2b87b1aa,IN_SCOPE_TO_OOS,ELIGIBLE,1
14,CLINC150,clinc150:test:00760,test,balance,clinc150:oos_test:00704,oos_test,oos,a4836e2772f09fb6a86c3c2508669b47d8d22e17037a092ff575776bae56adb8,f9cfd015fa3ed6d84050302d7c5df65f58fc8b65619db43fb5aad4264b26f107,IN_SCOPE_TO_OOS,ELIGIBLE,1
15,CLINC150,clinc150:test:03478,test,pto_balance,clinc150:oos_test:00297,oos_test,oos,1e0b34255f9db1cbc41b70aed0aa41f40964d0aa7cf783ddc7580a639ffb718e,ca346d5f169078280f80a1f516d499c56d44e78d9cf675c762b85058bc36be3c,IN_SCOPE_TO_OOS,ELIGIBLE,1
16,CLINC150,clinc150:test:02098,test,reminder_update,clinc150:oos_test:00709,oos_test,oos,e1b3a8ffc2c218915805b4792e700060cfce13e9118e98ed78c85fc030d693b2,99105cfa547a3ab7df0af4ee568a88d4cb62727841c39f218c40abcac0ec695e,IN_SCOPE_TO_OOS,ELIGIBLE,1
17,CLINC150,clinc150:oos_test:00207,oos_test,oos,clinc150:test:03239,test,current_location,4fa481c10bec6af7cfa465e91a489c38d391c4b69e3e97a449f442678cc5d8e3,9260e18665b55ec1322d4cc33ac30421d5a269831c9497a7d7dad16bda1887fc,OOS_TO_IN_SCOPE,ELIGIBLE,1
18,CLINC150,clinc150:test:01946,test,sync_device,clinc150:oos_test:00400,oos_test,oos,b397d3f9d2eb705443f6f6a6994be9f752f56edfb39853a84106d9cd83994e75,1641d778001606564a7d4815a17909cc6add0236e54cd092cdc177a98c46d5fc,IN_SCOPE_TO_OOS,ELIGIBLE,1
19,CLINC150,clinc150:oos_test:00987,oos_test,oos,clinc150:test:00080,test,timer,239dbc2f5935487d81e7e7c46a2385363827fa6bf041c7d3fb26b62f4a0f65fa,fe6deca75e01d4fc26179e5499ad66dd30ca733e5a60facd6bded0cc0ae6d1a5,OOS_TO_IN_SCOPE,ELIGIBLE,1
20,CLINC150,clinc150:test:03134,test,measurement_conversion,clinc150:oos_test:00300,oos_test,oos,f9c43ea7d25e9d63b5cbe898b01a76605b0c4ea2fc62dcd788955ad05edab042,e2d4670705a28e869a041e1ea14eec7b7f2c41b196d3547ace0b68a2050ee3cd,IN_SCOPE_TO_OOS,ELIGIBLE,1
21,CLINC150,clinc150:test:03819,test,text,clinc150:oos_test:00039,oos_test,oos,36b6d267d9f9e07b47633128504d33e0ec88485aee10441f7e8614e369ba9a85,230cd868578235762f15ef85384524976ac8bebdc030fb72c67257efc1d1f79e,IN_SCOPE_TO_OOS,ELIGIBLE,1
22,CLINC150,clinc150:test:02824,test,order_status,clinc150:oos_test:00616,oos_test,oos,e471c6ca1c4eb2e3ae091a3950f6ce02cedc76df0b1d28f781dc12a5c674fc7e,d1c082a4c397277f7c945b124809b219553f3f40a211d04c88f7a00d17a85799,IN_SCOPE_TO_OOS,ELIGIBLE,1
23,CLINC150,clinc150:test:01271,test,lost_luggage,clinc150:oos_test:00281,oos_test,oos,79477e07f8611d4df80fdbf3104c306fa3e5fcbd22c3b9c55bdc6159db2d640f,d18a0187097bb4a31b784d570d0ba74816067dc3512a3a0a7e964ed21f999169,IN_SCOPE_TO_OOS,ELIGIBLE,1
24,CLINC150,clinc150:test:00923,test,distance,clinc150:oos_test:00444,oos_test,oos,63b7b4490f1a200212dce64229b0fda01b8f9fc72afded449b983be0ca4e1fee,66e682724bf5e18be1fa8a137a444f4f9bd4d4217edd741646c03eb47a4515b4,IN_SCOPE_TO_OOS,ELIGIBLE,1
25,CLINC150,clinc150:test:03435,test,vaccines,clinc150:oos_test:00190,oos_test,oos,e7dfa2d2bbae55282744fda9965cf64718142b464831d5e578656a31e7a94758,c795c0def26b9423d29b2e0eabb7a1a137dbaa6c0eabe5885102c9d3c22ed79b,IN_SCOPE_TO_OOS,ELIGIBLE,1
26,CLINC150,clinc150:test:03407,test,international_visa,clinc150:oos_test:00153,oos_test,oos,75ebd7c3aada006539496de72dd546803a7e9d57c181f10b1616b0517eabb576,f5f92f1374b9fe505427120e35d5eadea0cc31bde00ce4e006681f6e5739e824,IN_SCOPE_TO_OOS,ELIGIBLE,1
27,CLINC150,clinc150:test:00137,test,meaning_of_life,clinc150:oos_test:00518,oos_test,oos,278c52ea8eb8d43f440a69f17517128271141e06be89adc266eeda24dd68ed8e,547388e67950def189efc6c2b41f382f7f265e6600b7b6c3782f3dbd06bc6f5c,IN_SCOPE_TO_OOS,ELIGIBLE,1
28,CLINC150,clinc150:test:04200,test,how_old_are_you,clinc150:oos_test:00318,oos_test,oos,d88976855d538add20127a10bddb8c96239da52cbb25e8275fed14b71d1d3f9d,0fb21e8805b4bec7d37e95e11744cdd82c881aa421f7b03675a929eeee999879,IN_SCOPE_TO_OOS,ELIGIBLE,1
29,CLINC150,clinc150:oos_test:00561,oos_test,oos,clinc150:test:04134,test,cancel_reservation,2c33477c7da8d483b798d9c98952d79df8c759329ed5e5cc4ff6807bad264e7e,36d1dd93336aa292b16b28ce201245a94321de5c2bd5590126e6b860a1bdf04e,OOS_TO_IN_SCOPE,ELIGIBLE,1
30,CLINC150,clinc150:test:02652,test,next_holiday,clinc150:oos_test:00845,oos_test,oos,2221cbb7399132328122c246cc9469c12c2b537442d4acbf05906a4414497347,a081b534c2fc70900a0804a09e8b34f5499d907c6fede3223937d1f5db665b11,IN_SCOPE_TO_OOS,ELIGIBLE,1
31,CLINC150,clinc150:test:04141,test,tell_joke,clinc150:oos_test:00724,oos_test,oos,37a5b8dd84cbc904e4da9b6877d05117f269380157beb2f1d00cbe2e9f16ac13,c17bbe31b44be7a851fc7186c03f4ac9ea8ca0f622f4ed34d4dd7f573bbc0afc,IN_SCOPE_TO_OOS,ELIGIBLE,1
32,CLINC150,clinc150:test:01882,test,schedule_maintenance,clinc150:oos_test:00847,oos_test,oos,62f87935b2d9f65cbe9e4538d0babd3a1906f2e0f931898a20519ec0fa941c33,ff78e1a73edb22b358b23ec2ced882b14b9e5cc2785d5bae6e5f2e4c835f4e11,IN_SCOPE_TO_OOS,ELIGIBLE,1
33,CLINC150,clinc150:oos_test:00114,oos_test,oos,clinc150:test:03360,test,cancel,0c67adefd5eccf54e5a4ff9d54ba4ae60760f3b3f74d05c8576c95924a17c38a,e13f686cf314076f5161848daf88859e3bc9e101b14aff648e70e34cf8f7e631,OOS_TO_IN_SCOPE,ELIGIBLE,1
34,CLINC150,clinc150:test:04493,test,card_declined,clinc150:oos_test:00193,oos_test,oos,a6173f183ed8d20a96e6f47839bbd57b84624077d600b2fdfd1b01c23916ffc2,0d2104b6de453c0ab00d4bc4970f763783818f69dedb280840c311196bae0703,IN_SCOPE_TO_OOS,ELIGIBLE,1
35,CLINC150,clinc150:test:01460,test,insurance,clinc150:oos_test:00664,oos_test,oos,70c12f73473b0c07ee2a5b09d3f7b4b175a4ad7e947e6f70196e4171c90b9e84,6bc17c26e1b6c7d2518e43ebba8f344b0dfd24dd95ff58b869d6855f2819a9aa,IN_SCOPE_TO_OOS,ELIGIBLE,1
36,CLINC150,clinc150:oos_test:00161,oos_test,oos,clinc150:test:00934,test,user_name,0e72b1ccbac2fe5fb3cf933a8f093d0913d25403c218c859ac57c12a2b87b1aa,ec3d6bd822c36a25da3665ffc706f4a8f6737e8224e5765b01bd7b416832a98c,OOS_TO_IN_SCOPE,ELIGIBLE,1
37,CLINC150,clinc150:test:01553,test,change_speed,clinc150:oos_test:00386,oos_test,oos,4efcddfc89b90aaa6506b9172b06b703a836a0275f08eaed7f3573ba27d804b2,73b8d8f0c340e4c8c40c4785f57fbfc26b2193460851a4effb7569e51738dd74,IN_SCOPE_TO_OOS,ELIGIBLE,1
38,CLINC150,clinc150:test:02931,test,account_blocked,clinc150:oos_test:00159,oos_test,oos,584fe4d5d90476a8fb3c3fe74421b3c5fe8a895e7248a125fa9314d2a0542b3c,50e0a4a0885b7bd80463fa45f9b3eeff4211a1be5815f10461caa9044031dacd,IN_SCOPE_TO_OOS,ELIGIBLE,1
39,CLINC150,clinc150:test:02219,test,alarm,clinc150:oos_test:00608,oos_test,oos,bb533562da7dbfcbd3d18d2b4eb0b6d8c1695928c263774bc6572f860e8bd708,ceb465b4999927010a582195f688874d7b94492c1777f7ed4fb874e65c753416,IN_SCOPE_TO_OOS,ELIGIBLE,1
40,CLINC150,clinc150:test:01225,test,credit_score,clinc150:test:02754,test,credit_limit,0d609a7fd7aa94895b07b104f999980aaabd02cd48614ecbf8805d1c5ec4414f,70b7d291a9a329e083dca4df3159296922e92ab0206330812d23bfde31f74af2,IN_SCOPE_TO_IN_SCOPE,ELIGIBLE,1
41,CLINC150,clinc150:test:02544,test,gas_type,clinc150:test:02577,test,plug_type,dca9b138556abcd361e617917c6840062fd06a72896695470c0c3139cc92e14d,1f4a59ec531a96bf965a4ba48283d712b370b3319476b4f60d9304e3fc53d480,IN_SCOPE_TO_IN_SCOPE,ELIGIBLE,1
42,CLINC150,clinc150:test:03597,test,reset_settings,clinc150:test:03996,test,are_you_a_bot,33403d10bb5bb96d6a2f4ef4549e962efe39e7ee26ea0733f60e371efad60ce8,88eda4e194c0d086e4ab46c76cca1372a73d26b9e49f7c7a15f08718066e5681,IN_SCOPE_TO_IN_SCOPE,ELIGIBLE,1
43,CLINC150,clinc150:test:00023,test,translate,clinc150:test:03246,test,weather,03caa618ce38ac140a69b48f325f3c5bb6d4688a8d87745a4743aae25c872e0a,b59028ceb782d05286cd01903900a7f9918568962ff35d00024246fdc4789210,IN_SCOPE_TO_IN_SCOPE,ELIGIBLE,1
44,CLINC150,clinc150:test:02996,test,international_fees,clinc150:test:03407,test,international_visa,81939413b518b601db63c473764df934b100875ba683b44450bdf5b2926d3c39,75ebd7c3aada006539496de72dd546803a7e9d57c181f10b1616b0517eabb576,IN_SCOPE_TO_IN_SCOPE,ELIGIBLE,1
45,CLINC150,clinc150:test:00885,test,who_made_you,clinc150:test:01951,test,thank_you,3f0658ae93178644cb28c962a1c8f080d45d7363d81d998de4d09d4715a7cc16,f4163dd86d7787adbdcf3056f17ffbca1966fdc4218b507da0857aaf74e0ec3f,IN_SCOPE_TO_IN_SCOPE,ELIGIBLE,1
46,CLINC150,clinc150:test:01839,test,pto_used,clinc150:test:00264,test,pto_request,d780e04260be76ac69df7f459c25abba1517d0316d551eac0f4185c0466901b1,d514ff27db40e55bd0a5db311cd9343026d368fa3aa35c41f2301d3a7482bb7a,IN_SCOPE_TO_IN_SCOPE,ELIGIBLE,1
47,CLINC150,clinc150:test:02577,test,plug_type,clinc150:test:02544,test,gas_type,1f4a59ec531a96bf965a4ba48283d712b370b3319476b4f60d9304e3fc53d480,dca9b138556abcd361e617917c6840062fd06a72896695470c0c3139cc92e14d,IN_SCOPE_TO_IN_SCOPE,ELIGIBLE,1
48,CLINC150,clinc150:oos_test:00704,oos_test,oos,clinc150:test:00760,test,balance,f9cfd015fa3ed6d84050302d7c5df65f58fc8b65619db43fb5aad4264b26f107,a4836e2772f09fb6a86c3c2508669b47d8d22e17037a092ff575776bae56adb8,OOS_TO_IN_SCOPE,ELIGIBLE,1
49,CLINC150,clinc150:oos_test:00297,oos_test,oos,clinc150:test:03478,test,pto_balance,ca346d5f169078280f80a1f516d499c56d44e78d9cf675c762b85058bc36be3c,1e0b34255f9db1cbc41b70aed0aa41f40964d0aa7cf783ddc7580a639ffb718e,OOS_TO_IN_SCOPE,ELIGIBLE,1
50,CLINC150,clinc150:test:01339,test,mpg,clinc150:test:00306,test,fun_fact,e809e932d94af6a2317d1aeb8d6cd6dd7b41d3de6aee75894cd36b9ca788dde9,178b5d304ba7e7fc2ed61c6bf5af34db1e3e697992af705b4e254a3d03970120,IN_SCOPE_TO_IN_SCOPE,ELIGIBLE,1
51,CLINC150,clinc150:test:00441,test,time,clinc150:test:02066,test,cook_time,55ffc12d2b89a51944464afaa3f1ee17be65c7cdd8d5f67f2a2b5ea29fdbdaef,4713435235b22a71882ad285feb2d642e324ae6870a3ae4eafdee1fb95c67bdc,IN_SCOPE_TO_IN_SCOPE,ELIGIBLE,1
52,CLINC150,clinc150:test:01676,test,nutrition_info,clinc150:test:03107,test,report_fraud,30ae947f52fc8e237bd5d9747e3598fbd75bc0904374f74adb1ad58ac028b1b5,6e8a2f0c6ce8c23f151ecc21fee699325c2996d545c21e875363cd404481413d,IN_SCOPE_TO_IN_SCOPE,ELIGIBLE,1
53,CLINC150,clinc150:test:02463,test,do_you_have_pets,clinc150:test:01951,test,thank_you,e8de558b7156c1ad0679427d8e60399aff60d2f82e5f43f42a5c14d7a854724e,f4163dd86d7787adbdcf3056f17ffbca1966fdc4218b507da0857aaf74e0ec3f,IN_SCOPE_TO_IN_SCOPE,ELIGIBLE,2
54,CLINC150,clinc150:oos_test:00709,oos_test,oos,clinc150:test:02098,test,reminder_update,99105cfa547a3ab7df0af4ee568a88d4cb62727841c39f218c40abcac0ec695e,e1b3a8ffc2c218915805b4792e700060cfce13e9118e98ed78c85fc030d693b2,OOS_TO_IN_SCOPE,ELIGIBLE,1
55,CLINC150,clinc150:test:03996,test,are_you_a_bot,clinc150:test:00580,test,where_are_you_from,88eda4e194c0d086e4ab46c76cca1372a73d26b9e49f7c7a15f08718066e5681,6f5d648fe3a0c86329650e10fbd82121b86d6bb1a635f85a8efee3b4b8ec5b0a,IN_SCOPE_TO_IN_SCOPE,ELIGIBLE,1
56,CLINC150,clinc150:test:00657,test,what_can_i_ask_you,clinc150:test:02944,test,what_song,8e727a213cb41bd2253e721fc6b49b7ec9ab6a0f8f880fbaa833754b820827eb,db8b821932f08e875139024c1bee085c537d3a946f3990c121a7175c0059f61e,IN_SCOPE_TO_IN_SCOPE,ELIGIBLE,1
57,CLINC150,clinc150:test:04247,test,car_rental,clinc150:test:01882,test,schedule_maintenance,cb8c94e72c3a8d484b2e9d1a184093fb6db6bbb4e3128956b4219fa03e040591,62f87935b2d9f65cbe9e4538d0babd3a1906f2e0f931898a20519ec0fa941c33,IN_SCOPE_TO_IN_SCOPE,ELIGIBLE,1
58,CLINC150,clinc150:test:01431,test,travel_suggestion,clinc150:test:04296,test,meal_suggestion,1e0408b0eae69119c4603fd1c12a05512866dbdf8f02a4901db42b324fc1f49e,bcd772e86bee6cf2c9f953ad2c3f0928364c830addf2bdb7662225b13b54a561,IN_SCOPE_TO_IN_SCOPE,ELIGIBLE,1
59,CLINC150,clinc150:test:00975,test,timezone,clinc150:test:02491,test,schedule_meeting,a78ae6e39ec647ea05667a73b2fc58b0a3e13cdbf2dbd0a93839fd2b785b5e3f,6a19fe8c9362e8c6b6a45444d8ab1488c8e1325cb58e034b53b835c71f696175,IN_SCOPE_TO_IN_SCOPE,ELIGIBLE,1
60,CLINC150,clinc150:oos_test:00400,oos_test,oos,clinc150:test:01946,test,sync_device,1641d778001606564a7d4815a17909cc6add0236e54cd092cdc177a98c46d5fc,b397d3f9d2eb705443f6f6a6994be9f752f56edfb39853a84106d9cd83994e75,OOS_TO_IN_SCOPE,ELIGIBLE,1
61,CLINC150,clinc150:test:03168,test,smart_home,clinc150:test:00342,test,change_language,d51649b7084e64bb14e10dbcfcb2c703f5c7facde60f227bfdae62af34fc153b,ae33f7209fe325c91520199dfdf3c6da2d6ac8fa24f7177cdf66210d7527dfaf,IN_SCOPE_TO_IN_SCOPE,ELIGIBLE,1
62,CLINC150,clinc150:oos_test:00300,oos_test,oos,clinc150:test:03134,test,measurement_conversion,e2d4670705a28e869a041e1ea14eec7b7f2c41b196d3547ace0b68a2050ee3cd,f9c43ea7d25e9d63b5cbe898b01a76605b0c4ea2fc62dcd788955ad05edab042,OOS_TO_IN_SCOPE,ELIGIBLE,1
63,CLINC150,clinc150:test:03600,test,what_is_your_name,clinc150:test:03735,test,what_are_your_hobbies,1bb3ce594180f60008cd394903a13a385a219f8723b045361ef054dbef79970f,66ccef6cbae21bb1ecbb4cea70f7bcb74f02ea9c7665dea6fc811197be12b6ce,IN_SCOPE_TO_IN_SCOPE,ELIGIBLE,1
64,CLINC150,clinc150:test:00783,test,confirm_reservation,clinc150:test:04134,test,cancel_reservation,419b14b57482cc216a79e0349cfb56f89aa19ca29e6e996f078b2b0994f77106,36d1dd93336aa292b16b28ce201245a94321de5c2bd5590126e6b860a1bdf04e,IN_SCOPE_TO_IN_SCOPE,ELIGIBLE,2
65,CLINC150,clinc150:test:00604,test,shopping_list_update,clinc150:test:03787,test,shopping_list,5b8c50b5195ad1993e87e4e1c2ed4edb33d6c401cb4466be17e529ec0e2ef98c,5a4a71c20ecdda3bc0d3997ed7773b9c42f39d11e5654e2610218e802f89cec9,IN_SCOPE_TO_IN_SCOPE,ELIGIBLE,1
66,CLINC150,clinc150:test:02393,test,damaged_card,clinc150:test:04493,test,card_declined,ff3e6942687127419535e3da5a29f2ee5604b312a8a9be1a3be584e3e81ec1f6,a6173f183ed8d20a96e6f47839bbd57b84624077d600b2fdfd1b01c23916ffc2,IN_SCOPE_TO_IN_SCOPE,ELIGIBLE,1
67,CLINC150,clinc150:test:03078,test,ingredients_list,clinc150:test:03787,test,shopping_list,eed2f22a6351db08f86cf95fe9848caeb1344361ebc771e1acd7ae077c7af559,5a4a71c20ecdda3bc0d3997ed7773b9c42f39d11e5654e2610218e802f89cec9,IN_SCOPE_TO_IN_SCOPE,ELIGIBLE,2
68,CLINC150,clinc150:test:04438,test,traffic,clinc150:test:01750,test,calculator,c67413417a8a0815394c978a7afada896b8bed13279115fa72760dc01aff542e,9881c015985bc9f5056e2f55549e5e483007367dafe95fad2d9b46b05e0b5baf,IN_SCOPE_TO_IN_SCOPE,ELIGIBLE,1
69,CLINC150,clinc150:test:01165,test,spending_history,clinc150:test:00604,test,shopping_list_update,902171521690fee5c3c20ff8e87a6c9ae92a906812291ad233f079caf736f403,5b8c50b5195ad1993e87e4e1c2ed4edb33d6c401cb4466be17e529ec0e2ef98c,IN_SCOPE_TO_IN_SCOPE,ELIGIBLE,1
70,CLINC150,clinc150:oos_test:00039,oos_test,oos,clinc150:test:03819,test,text,230cd868578235762f15ef85384524976ac8bebdc030fb72c67257efc1d1f79e,36b6d267d9f9e07b47633128504d33e0ec88485aee10441f7e8614e369ba9a85,OOS_TO_IN_SCOPE,ELIGIBLE,1
71,CLINC150,clinc150:oos_test:00616,oos_test,oos,clinc150:test:02824,test,order_status,d1c082a4c397277f7c945b124809b219553f3f40a211d04c88f7a00d17a85799,e471c6ca1c4eb2e3ae091a3950f6ce02cedc76df0b1d28f781dc12a5c674fc7e,OOS_TO_IN_SCOPE,ELIGIBLE,1
72,CLINC150,clinc150:test:00862,test,rollover_401k,clinc150:test:02393,test,damaged_card,60957aa53deed71c063dd3bfe4ecadbfc3fe4f1ba6b28f1d5626b0e90b6c8cec,ff3e6942687127419535e3da5a29f2ee5604b312a8a9be1a3be584e3e81ec1f6,IN_SCOPE_TO_IN_SCOPE,ELIGIBLE,1
73,CLINC150,clinc150:test:01951,test,thank_you,clinc150:test:00885,test,who_made_you,f4163dd86d7787adbdcf3056f17ffbca1966fdc4218b507da0857aaf74e0ec3f,3f0658ae93178644cb28c962a1c8f080d45d7363d81d998de4d09d4715a7cc16,IN_SCOPE_TO_IN_SCOPE,ELIGIBLE,1
74,CLINC150,clinc150:oos_test:00281,oos_test,oos,clinc150:test:01271,test,lost_luggage,d18a0187097bb4a31b784d570d0ba74816067dc3512a3a0a7e964ed21f999169,79477e07f8611d4df80fdbf3104c306fa3e5fcbd22c3b9c55bdc6159db2d640f,OOS_TO_IN_SCOPE,ELIGIBLE,1
75,CLINC150,clinc150:test:02773,test,how_busy,clinc150:test:04200,test,how_old_are_you,a32649330212e1ea3604f964b1e0fe9ff738136bc9e6444eb5684e024ca04c70,d88976855d538add20127a10bddb8c96239da52cbb25e8275fed14b71d1d3f9d,IN_SCOPE_TO_IN_SCOPE,ELIGIBLE,1
76,CLINC150,clinc150:test:03014,test,last_maintenance,clinc150:test:02012,test,food_last,9679f6bde6869156afea1edb499b53ab56047b09c127ac0c6918341c7f17c306,dfda10028bd11192b0875bbc58c67fc719af10f7bd43481829294db5d6078151,IN_SCOPE_TO_IN_SCOPE,ELIGIBLE,1
77,CLINC150,clinc150:test:02250,test,change_accent,clinc150:test:02851,test,pin_change,e672739cf99f18c23d342b73145aa152e9b8187b18e618c1507a73b7b98c37ce,2953e3c4ec4599a2e6966d9188d45d852736bb8a594e39c36fac5da3b9699fbc,IN_SCOPE_TO_IN_SCOPE,ELIGIBLE,1
78,CLINC150,clinc150:oos_test:00444,oos_test,oos,clinc150:test:00923,test,distance,66e682724bf5e18be1fa8a137a444f4f9bd4d4217edd741646c03eb47a4515b4,63b7b4490f1a200212dce64229b0fda01b8f9fc72afded449b983be0ca4e1fee,OOS_TO_IN_SCOPE,ELIGIBLE,1
79,CLINC150,clinc150:oos_test:00190,oos_test,oos,clinc150:test:03435,test,vaccines,c795c0def26b9423d29b2e0eabb7a1a137dbaa6c0eabe5885102c9d3c22ed79b,e7dfa2d2bbae55282744fda9965cf64718142b464831d5e578656a31e7a94758,OOS_TO_IN_SCOPE,ELIGIBLE,1
80,CLINC150,clinc150:test:00155,test,insurance_change,clinc150:test:01460,test,insurance,cb43871ba235775d2e120576d3e6ed65b48d84f957f8d4467c0c645f6e1897f7,70c12f73473b0c07ee2a5b09d3f7b4b175a4ad7e947e6f70196e4171c90b9e84,IN_SCOPE_TO_IN_SCOPE,ELIGIBLE,1
81,CLINC150,clinc150:oos_test:00153,oos_test,oos,clinc150:test:03407,test,international_visa,f5f92f1374b9fe505427120e35d5eadea0cc31bde00ce4e006681f6e5739e824,75ebd7c3aada006539496de72dd546803a7e9d57c181f10b1616b0517eabb576,OOS_TO_IN_SCOPE,ELIGIBLE,2
82,CLINC150,clinc150:oos_test:00518,oos_test,oos,clinc150:test:00137,test,meaning_of_life,547388e67950def189efc6c2b41f382f7f265e6600b7b6c3782f3dbd06bc6f5c,278c52ea8eb8d43f440a69f17517128271141e06be89adc266eeda24dd68ed8e,OOS_TO_IN_SCOPE,ELIGIBLE,1
83,CLINC150,clinc150:oos_test:00318,oos_test,oos,clinc150:test:04200,test,how_old_are_you,0fb21e8805b4bec7d37e95e11744cdd82c881aa421f7b03675a929eeee999879,d88976855d538add20127a10bddb8c96239da52cbb25e8275fed14b71d1d3f9d,OOS_TO_IN_SCOPE,ELIGIBLE,2
84,CLINC150,clinc150:test:03735,test,what_are_your_hobbies,clinc150:test:03600,test,what_is_your_name,66ccef6cbae21bb1ecbb4cea70f7bcb74f02ea9c7665dea6fc811197be12b6ce,1bb3ce594180f60008cd394903a13a385a219f8723b045361ef054dbef79970f,IN_SCOPE_TO_IN_SCOPE,ELIGIBLE,1
85,CLINC150,clinc150:test:00109,test,definition,clinc150:test:03924,test,redeem_rewards,553947339194d6c8dbf2686ff2c38709058734d8e72f7d06f58a087052d483c6,479707c494d850ae5c698d4e80a8ffd4a7ede706fe6ef6115151ce8cbb9c7851,IN_SCOPE_TO_IN_SCOPE,ELIGIBLE,1
86,CLINC150,clinc150:test:00306,test,fun_fact,clinc150:test:01339,test,mpg,178b5d304ba7e7fc2ed61c6bf5af34db1e3e697992af705b4e254a3d03970120,e809e932d94af6a2317d1aeb8d6cd6dd7b41d3de6aee75894cd36b9ca788dde9,IN_SCOPE_TO_IN_SCOPE,ELIGIBLE,1
87,CLINC150,clinc150:oos_test:00845,oos_test,oos,clinc150:test:02652,test,next_holiday,a081b534c2fc70900a0804a09e8b34f5499d907c6fede3223937d1f5db665b11,2221cbb7399132328122c246cc9469c12c2b537442d4acbf05906a4414497347,OOS_TO_IN_SCOPE,ELIGIBLE,1
88,CLINC150,clinc150:test:00552,test,change_user_name,clinc150:test:00934,test,user_name,d3bb12c9db299b50cb078fddd665ae68ea36614a5958858257d950681b2f2e21,ec3d6bd822c36a25da3665ffc706f4a8f6737e8224e5765b01bd7b416832a98c,IN_SCOPE_TO_IN_SCOPE,ELIGIBLE,2
89,CLINC150,clinc150:oos_test:00724,oos_test,oos,clinc150:test:04141,test,tell_joke,c17bbe31b44be7a851fc7186c03f4ac9ea8ca0f622f4ed34d4dd7f573bbc0afc,37a5b8dd84cbc904e4da9b6877d05117f269380157beb2f1d00cbe2e9f16ac13,OOS_TO_IN_SCOPE,ELIGIBLE,1
90,CLINC150,clinc150:test:01389,test,yes,clinc150:test:02463,test,do_you_have_pets,de0d8686f5fa38fe28a4d545a9b9234c58f7d1fbb3f052ab1754573fb33c384b,e8de558b7156c1ad0679427d8e60399aff60d2f82e5f43f42a5c14d7a854724e,IN_SCOPE_TO_IN_SCOPE,ELIGIBLE,1
91,CLINC150,clinc150:test:02613,test,exchange_rate,clinc150:test:03670,test,interest_rate,741dbbc653dca72198bcfe2bc308c9f4c33d3a1e425f8bb6a7e0c8987f0203db,01ea24d04c7e4f7e5ec1a8eecad03a49382171861be777304034f837f3de061e,IN_SCOPE_TO_IN_SCOPE,ELIGIBLE,1
92,CLINC150,clinc150:oos_test:00847,oos_test,oos,clinc150:test:01882,test,schedule_maintenance,ff78e1a73edb22b358b23ec2ced882b14b9e5cc2785d5bae6e5f2e4c835f4e11,62f87935b2d9f65cbe9e4538d0babd3a1906f2e0f931898a20519ec0fa941c33,OOS_TO_IN_SCOPE,ELIGIBLE,2
93,CLINC150,clinc150:test:02754,test,credit_limit,clinc150:test:03691,test,credit_limit_change,70b7d291a9a329e083dca4df3159296922e92ab0206330812d23bfde31f74af2,c1f29b32e57e16a448c31212b5836881138bb95d2db3896952145c9a0861bd97,IN_SCOPE_TO_IN_SCOPE,ELIGIBLE,1
94,CLINC150,clinc150:oos_test:00193,oos_test,oos,clinc150:test:04493,test,card_declined,0d2104b6de453c0ab00d4bc4970f763783818f69dedb280840c311196bae0703,a6173f183ed8d20a96e6f47839bbd57b84624077d600b2fdfd1b01c23916ffc2,OOS_TO_IN_SCOPE,ELIGIBLE,2
95,CLINC150,clinc150:oos_test:00664,oos_test,oos,clinc150:test:01460,test,insurance,6bc17c26e1b6c7d2518e43ebba8f344b0dfd24dd95ff58b869d6855f2819a9aa,70c12f73473b0c07ee2a5b09d3f7b4b175a4ad7e947e6f70196e4171c90b9e84,OOS_TO_IN_SCOPE,ELIGIBLE,2
96,CLINC150,clinc150:test:01794,test,date,clinc150:test:04064,test,expiration_date,7f2db7303e751ab65814f9d032de7e4bdb4a34f9274658117d3b566668c27f99,253efd085ef9cec8fdc294dbf866ff2fada422b94630d7217dfd10bb51f14d96,IN_SCOPE_TO_IN_SCOPE,ELIGIBLE,1
97,CLINC150,clinc150:oos_test:00386,oos_test,oos,clinc150:test:01553,test,change_speed,73b8d8f0c340e4c8c40c4785f57fbfc26b2193460851a4effb7569e51738dd74,4efcddfc89b90aaa6506b9172b06b703a836a0275f08eaed7f3573ba27d804b2,OOS_TO_IN_SCOPE,ELIGIBLE,1
98,CLINC150,clinc150:test:00494,test,flight_status,clinc150:test:00467,test,application_status,8449ab36ffbf8d721cda680e5df3806c6cb86735db946f1386df21671968ec59,5be213c804b68bc8001282bb332391ce98f923d56c0601d9089828caeb37c493,IN_SCOPE_TO_IN_SCOPE,ELIGIBLE,2
99,CLINC150,clinc150:oos_test:00159,oos_test,oos,clinc150:test:02931,test,account_blocked,50e0a4a0885b7bd80463fa45f9b3eeff4211a1be5815f10461caa9044031dacd,584fe4d5d90476a8fb3c3fe74421b3c5fe8a895e7248a125fa9314d2a0542b3c,OOS_TO_IN_SCOPE,ELIGIBLE,1
100,CLINC150,clinc150:oos_test:00608,oos_test,oos,clinc150:test:02219,test,alarm,ceb465b4999927010a582195f688874d7b94492c1777f7ed4fb874e65c753416,bb533562da7dbfcbd3d18d2b4eb0b6d8c1695928c263774bc6572f860e8bd708,OOS_TO_IN_SCOPE,ELIGIBLE,1
101,CLINC150,clinc150:test:04064,test,expiration_date,clinc150:test:01794,test,date,253efd085ef9cec8fdc294dbf866ff2fada422b94630d7217dfd10bb51f14d96,7f2db7303e751ab65814f9d032de7e4bdb4a34f9274658117d3b566668c27f99,IN_SCOPE_TO_IN_SCOPE,ELIGIBLE,1
102,CLINC150,clinc150:test:02119,test,report_lost_card,clinc150:test:02393,test,damaged_card,4503ed8a96f116bd9dab4ece65ccfa0a24984b3b4e398848e8037fd3c555dfa1,ff3e6942687127419535e3da5a29f2ee5604b312a8a9be1a3be584e3e81ec1f6,IN_SCOPE_TO_IN_SCOPE,ELIGIBLE,2
103,CLINC150,clinc150:test:04170,test,change_ai_name,clinc150:test:00552,test,change_user_name,7ff29cc88f1cf56bdf37781c35280bec0968a99c444ad30b04cf7ced374fdb38,d3bb12c9db299b50cb078fddd665ae68ea36614a5958858257d950681b2f2e21,IN_SCOPE_TO_IN_SCOPE,ELIGIBLE,1
104,CLINC150,clinc150:test:02012,test,food_last,clinc150:test:03014,test,last_maintenance,dfda10028bd11192b0875bbc58c67fc719af10f7bd43481829294db5d6078151,9679f6bde6869156afea1edb499b53ab56047b09c127ac0c6918341c7f17c306,IN_SCOPE_TO_IN_SCOPE,ELIGIBLE,1
105,CLINC150,clinc150:test:03038,test,meeting_schedule,clinc150:test:02491,test,schedule_meeting,0ada58822b66257420e77ea28c1ee0c6beff2ffedc78da7fe64ace4a8558198b,6a19fe8c9362e8c6b6a45444d8ab1488c8e1325cb58e034b53b835c71f696175,IN_SCOPE_TO_IN_SCOPE,ELIGIBLE,2
106,CLINC150,clinc150:test:02164,test,make_call,clinc150:test:01839,test,pto_used,c9b74a3719bd2b31dfa73ddac5ca622d1b5f26179bd3c376a01b32db7e6ec7b9,d780e04260be76ac69df7f459c25abba1517d0316d551eac0f4185c0466901b1,IN_SCOPE_TO_IN_SCOPE,ELIGIBLE,1
107,CLINC150,clinc150:test:01085,test,rewards_balance,clinc150:test:00760,test,balance,134491b8141898818861e382edbc2547121a42dbad6b6c8f43f49a7f90897363,a4836e2772f09fb6a86c3c2508669b47d8d22e17037a092ff575776bae56adb8,IN_SCOPE_TO_IN_SCOPE,ELIGIBLE,2
108,CLINC150,clinc150:test:03691,test,credit_limit_change,clinc150:test:02754,test,credit_limit,c1f29b32e57e16a448c31212b5836881138bb95d2db3896952145c9a0861bd97,70b7d291a9a329e083dca4df3159296922e92ab0206330812d23bfde31f74af2,IN_SCOPE_TO_IN_SCOPE,ELIGIBLE,2
109,CLINC150,clinc150:test:01618,test,no,clinc150:test:02773,test,how_busy,5723f74333dd38a76dca1576ed46e544113edc2a00adbeb70e9299e890f5c980,a32649330212e1ea3604f964b1e0fe9ff738136bc9e6444eb5684e024ca04c70,IN_SCOPE_TO_IN_SCOPE,ELIGIBLE,1
110,CLINC150,clinc150:test:02685,test,change_volume,clinc150:test:02586,test,tire_change,a59b4669cbf4ce8033348da3f360a6572fc986a1da03f725a9b6be545f8f786f,382f4f1e296ee0026c5424fd50559790834891b483aab1f0cb787a47ffd6ee6c,IN_SCOPE_TO_IN_SCOPE,ELIGIBLE,1
111,CLINC150,clinc150:test:03659,test,direct_deposit,clinc150:test:03078,test,ingredients_list,fb94ae2a7f9f32fc41e55fadabb70ef4a5ab27cd58edf892c1e5d2ad86bdd2b4,eed2f22a6351db08f86cf95fe9848caeb1344361ebc771e1acd7ae077c7af559,IN_SCOPE_TO_IN_SCOPE,ELIGIBLE,1
112,CLINC150,clinc150:test:02586,test,tire_change,clinc150:test:02685,test,change_volume,382f4f1e296ee0026c5424fd50559790834891b483aab1f0cb787a47ffd6ee6c,a59b4669cbf4ce8033348da3f360a6572fc986a1da03f725a9b6be545f8f786f,IN_SCOPE_TO_IN_SCOPE,ELIGIBLE,1
113,CLINC150,clinc150:test:03290,test,taxes,clinc150:test:03659,test,direct_deposit,e36cc44d6eabe738637773901401ba150f293008965372275ec3abec2bba09f2,fb94ae2a7f9f32fc41e55fadabb70ef4a5ab27cd58edf892c1e5d2ad86bdd2b4,IN_SCOPE_TO_IN_SCOPE,ELIGIBLE,1
114,CLINC150,clinc150:test:03986,test,calendar_update,clinc150:test:01698,test,calendar,07bf9bcd42eb73a77d59932acccf26b2546a63a106d7e14c0b6f7b336ecb5c42,ac8fe463cfda174095c95076074485258f49a3f8fbb1ed07ccd00eb961fdf867,IN_SCOPE_TO_IN_SCOPE,ELIGIBLE,2
115,CLINC150,clinc150:test:00834,test,freeze_account,clinc150:test:02931,test,account_blocked,75f02af9ea10890fa6c180641e8e7ab550d20579040d22842c2b52c421f31e3d,584fe4d5d90476a8fb3c3fe74421b3c5fe8a895e7248a125fa9314d2a0542b3c,IN_SCOPE_TO_IN_SCOPE,ELIGIBLE,2
116,CLINC150,clinc150:test:03246,test,weather,clinc150:test:03168,test,smart_home,b59028ceb782d05286cd01903900a7f9918568962ff35d00024246fdc4789210,d51649b7084e64bb14e10dbcfcb2c703f5c7facde60f227bfdae62af34fc153b,IN_SCOPE_TO_IN_SCOPE,ELIGIBLE,1
117,CLINC150,clinc150:test:04465,test,order_checks,clinc150:test:02824,test,order_status,88b95be32f38d3667fc80a57a097eacfbcfdbbd9fb74461495ececa0de3378a5,e471c6ca1c4eb2e3ae091a3950f6ce02cedc76df0b1d28f781dc12a5c674fc7e,IN_SCOPE_TO_IN_SCOPE,ELIGIBLE,2
118,CLINC150,clinc150:test:02415,test,restaurant_reviews,clinc150:test:01061,test,restaurant_suggestion,b3c3e22c6df33afe96811f314220db93d4462b823cc95217282854f73bccd646,f6d4cfb56e121501a4ae5b0673505e712f402cbdef5181f45acc56503897cbd7,IN_SCOPE_TO_IN_SCOPE,ELIGIBLE,2
119,CLINC150,clinc150:test:01807,test,carry_on,clinc150:test:03290,test,taxes,2f8d9cf23b2f66145d1f8ff2b54038e05d3932e181f6d2c607395edd9c410a4f,e36cc44d6eabe738637773901401ba150f293008965372275ec3abec2bba09f2,IN_SCOPE_TO_IN_SCOPE,ELIGIBLE,1
120,CLINC150,clinc150:test:01517,test,reminder,clinc150:test:02098,test,reminder_update,3666f662f6ba3315b8f452289db45aaaefc2e3d70f264ae37b3533db862339db,e1b3a8ffc2c218915805b4792e700060cfce13e9118e98ed78c85fc030d693b2,IN_SCOPE_TO_IN_SCOPE,ELIGIBLE,2
121,CLINC150,clinc150:test:01303,test,repeat,clinc150:test:01085,test,rewards_balance,87b7404a4b4a1b08503566b7b3d2a9e9e31b0771580d6c6042d219d018a751a0,134491b8141898818861e382edbc2547121a42dbad6b6c8f43f49a7f90897363,IN_SCOPE_TO_IN_SCOPE,ELIGIBLE,1
122,CLINC150,clinc150:test:00196,test,find_phone,clinc150:test:01723,test,uber,03f0814a733be9e17efd6070b1cdd510c3526a3e7ced3e523ec259828a49fa1a,465fb82f0672fa9bd1d4f8506f1943b565064ffc1c445735226438780a4cf973,IN_SCOPE_TO_IN_SCOPE,ELIGIBLE,1
123,CLINC150,clinc150:test:03787,test,shopping_list,clinc150:test:00604,test,shopping_list_update,5a4a71c20ecdda3bc0d3997ed7773b9c42f39d11e5654e2610218e802f89cec9,5b8c50b5195ad1993e87e4e1c2ed4edb33d6c401cb4466be17e529ec0e2ef98c,IN_SCOPE_TO_IN_SCOPE,ELIGIBLE,2
124,CLINC150,clinc150:test:00342,test,change_language,clinc150:test:02250,test,change_accent,ae33f7209fe325c91520199dfdf3c6da2d6ac8fa24f7177cdf66210d7527dfaf,e672739cf99f18c23d342b73145aa152e9b8187b18e618c1507a73b7b98c37ce,IN_SCOPE_TO_IN_SCOPE,ELIGIBLE,1
125,CLINC150,clinc150:test:03107,test,report_fraud,clinc150:test:02119,test,report_lost_card,6e8a2f0c6ce8c23f151ecc21fee699325c2996d545c21e875363cd404481413d,4503ed8a96f116bd9dab4ece65ccfa0a24984b3b4e398848e8037fd3c555dfa1,IN_SCOPE_TO_IN_SCOPE,ELIGIBLE,1
126,CLINC150,clinc150:test:02315,test,bill_due,clinc150:test:03861,test,bill_balance,cb95db148bab9604832a00e561889a0fcd608fc373dd31c953737b2a87438040,0e6895eb714eb63f22381c2c57d9079ab8ae6e4241c1c827de35bf0e7fe3ccdf,IN_SCOPE_TO_IN_SCOPE,ELIGIBLE,1
127,CLINC150,clinc150:test:01723,test,uber,clinc150:test:01517,test,reminder,465fb82f0672fa9bd1d4f8506f1943b565064ffc1c445735226438780a4cf973,3666f662f6ba3315b8f452289db45aaaefc2e3d70f264ae37b3533db862339db,IN_SCOPE_TO_IN_SCOPE,ELIGIBLE,1
128,CLINC150,clinc150:test:03539,test,spelling,clinc150:test:03986,test,calendar_update,9f9e2100b33a8c12c610eef5f4607ba5184223ffdcb92d6a6adc83eceee7c97b,07bf9bcd42eb73a77d59932acccf26b2546a63a106d7e14c0b6f7b336ecb5c42,IN_SCOPE_TO_IN_SCOPE,ELIGIBLE,1
129,CLINC150,clinc150:test:00264,test,pto_request,clinc150:test:01197,test,pto_request_status,d514ff27db40e55bd0a5db311cd9343026d368fa3aa35c41f2301d3a7482bb7a,cc11ff572e32a1a0c2dbd7b1bdcd131507bf8c57c3c0a4b5ab50234704c73323,IN_SCOPE_TO_IN_SCOPE,ELIGIBLE,1
130,CLINC150,clinc150:test:02851,test,pin_change,clinc150:test:00155,test,insurance_change,2953e3c4ec4599a2e6966d9188d45d852736bb8a594e39c36fac5da3b9699fbc,cb43871ba235775d2e120576d3e6ed65b48d84f957f8d4467c0c645f6e1897f7,IN_SCOPE_TO_IN_SCOPE,ELIGIBLE,1
131,CLINC150,clinc150:test:02430,test,routing,clinc150:test:00975,test,timezone,053247f3d90dae77096f8bc30e838a9b081d14bccea519e3b4ad9c71e271ad00,a78ae6e39ec647ea05667a73b2fc58b0a3e13cdbf2dbd0a93839fd2b785b5e3f,IN_SCOPE_TO_IN_SCOPE,ELIGIBLE,1
132,CLINC150,clinc150:test:00580,test,where_are_you_from,clinc150:test:03996,test,are_you_a_bot,6f5d648fe3a0c86329650e10fbd82121b86d6bb1a635f85a8efee3b4b8ec5b0a,88eda4e194c0d086e4ab46c76cca1372a73d26b9e49f7c7a15f08718066e5681,IN_SCOPE_TO_IN_SCOPE,ELIGIBLE,2
133,CLINC150,clinc150:test:03207,test,book_hotel,clinc150:test:02996,test,international_fees,412f5d8e5fcaf4fdcd216213b8c2daf03e410c2626c5d19ad5575bc7ae3a5f84,81939413b518b601db63c473764df934b100875ba683b44450bdf5b2926d3c39,IN_SCOPE_TO_IN_SCOPE,ELIGIBLE,1
134,CLINC150,clinc150:test:01750,test,calculator,clinc150:test:03938,test,play_music,9881c015985bc9f5056e2f55549e5e483007367dafe95fad2d9b46b05e0b5baf,6a0baf4ff59531169af4e5b8663c48b443ba9119845a5ef84973493c35cabf8c,IN_SCOPE_TO_IN_SCOPE,ELIGIBLE,1
135,CLINC150,clinc150:test:04099,test,update_playlist,clinc150:test:03986,test,calendar_update,578a2c3b749a699d5c717217599533fc9f7b94666fb3d911a8cc2c0257359b71,07bf9bcd42eb73a77d59932acccf26b2546a63a106d7e14c0b6f7b336ecb5c42,IN_SCOPE_TO_IN_SCOPE,ELIGIBLE,2
136,CLINC150,clinc150:test:02066,test,cook_time,clinc150:test:00441,test,time,4713435235b22a71882ad285feb2d642e324ae6870a3ae4eafdee1fb95c67bdc,55ffc12d2b89a51944464afaa3f1ee17be65c7cdd8d5f67f2a2b5ea29fdbdaef,IN_SCOPE_TO_IN_SCOPE,ELIGIBLE,1
137,CLINC150,clinc150:test:02159,test,ingredient_substitution,clinc150:test:00023,test,translate,35f93108c71507e4fd499cc57699dcc702b4f06483b00838f2b80aa0e3017ee7,03caa618ce38ac140a69b48f325f3c5bb6d4688a8d87745a4743aae25c872e0a,IN_SCOPE_TO_IN_SCOPE,ELIGIBLE,1
138,CLINC150,clinc150:test:04296,test,meal_suggestion,clinc150:test:01431,test,travel_suggestion,bcd772e86bee6cf2c9f953ad2c3f0928364c830addf2bdb7662225b13b54a561,1e0408b0eae69119c4603fd1c12a05512866dbdf8f02a4901db42b324fc1f49e,IN_SCOPE_TO_IN_SCOPE,ELIGIBLE,1
139,CLINC150,clinc150:test:03938,test,play_music,clinc150:test:04170,test,change_ai_name,6a0baf4ff59531169af4e5b8663c48b443ba9119845a5ef84973493c35cabf8c,7ff29cc88f1cf56bdf37781c35280bec0968a99c444ad30b04cf7ced374fdb38,IN_SCOPE_TO_IN_SCOPE,ELIGIBLE,1
140,CLINC150,clinc150:test:03924,test,redeem_rewards,clinc150:test:01085,test,rewards_balance,479707c494d850ae5c698d4e80a8ffd4a7ede706fe6ef6115151ce8cbb9c7851,134491b8141898818861e382edbc2547121a42dbad6b6c8f43f49a7f90897363,IN_SCOPE_TO_IN_SCOPE,ELIGIBLE,2
141,CLINC150,clinc150:test:00533,test,flip_coin,clinc150:test:00862,test,rollover_401k,f49f17e3afeaf330910ffe6a63928e88ec55ab19bd2fb3cf1296c6283b67cae2,60957aa53deed71c063dd3bfe4ecadbfc3fe4f1ba6b28f1d5626b0e90b6c8cec,IN_SCOPE_TO_IN_SCOPE,ELIGIBLE,1
142,CLINC150,clinc150:test:03670,test,interest_rate,clinc150:test:02613,test,exchange_rate,01ea24d04c7e4f7e5ec1a8eecad03a49382171861be777304034f837f3de061e,741dbbc653dca72198bcfe2bc308c9f4c33d3a1e425f8bb6a7e0c8987f0203db,IN_SCOPE_TO_IN_SCOPE,ELIGIBLE,1
143,CLINC150,clinc150:test:03861,test,bill_balance,clinc150:test:00760,test,balance,0e6895eb714eb63f22381c2c57d9079ab8ae6e4241c1c827de35bf0e7fe3ccdf,a4836e2772f09fb6a86c3c2508669b47d8d22e17037a092ff575776bae56adb8,IN_SCOPE_TO_IN_SCOPE,ELIGIBLE,3
144,CLINC150,clinc150:test:02290,test,w2,clinc150:test:00494,test,flight_status,33232b123c160f940a0dfaa93fa51e4bdb4009a1c090f865735212d1aa5af5a4,8449ab36ffbf8d721cda680e5df3806c6cb86735db946f1386df21671968ec59,IN_SCOPE_TO_IN_SCOPE,ELIGIBLE,1
145,CLINC150,clinc150:test:01197,test,pto_request_status,clinc150:test:00264,test,pto_request,cc11ff572e32a1a0c2dbd7b1bdcd131507bf8c57c3c0a4b5ab50234704c73323,d514ff27db40e55bd0a5db311cd9343026d368fa3aa35c41f2301d3a7482bb7a,IN_SCOPE_TO_IN_SCOPE,ELIGIBLE,2
146,CLINC150,clinc150:test:00404,test,replacement_card_duration,clinc150:test:02393,test,damaged_card,0317037fd719bbb195af82ccc9c19eb873cb8c1c56571b9131eb7433fee0709d,ff3e6942687127419535e3da5a29f2ee5604b312a8a9be1a3be584e3e81ec1f6,IN_SCOPE_TO_IN_SCOPE,ELIGIBLE,3
147,CLINC150,clinc150:test:01020,test,transactions,clinc150:test:01676,test,nutrition_info,c589539c3831bbcafb85febdee46d73190e5e792013f9d61a5b1691884a54c7a,30ae947f52fc8e237bd5d9747e3598fbd75bc0904374f74adb1ad58ac028b1b5,IN_SCOPE_TO_IN_SCOPE,ELIGIBLE,1
148,CLINC150,clinc150:test:02944,test,what_song,clinc150:test:03735,test,what_are_your_hobbies,db8b821932f08e875139024c1bee085c537d3a946f3990c121a7175c0059f61e,66ccef6cbae21bb1ecbb4cea70f7bcb74f02ea9c7665dea6fc811197be12b6ce,IN_SCOPE_TO_IN_SCOPE,ELIGIBLE,2
149,CLINC150,clinc150:test:02491,test,schedule_meeting,clinc150:test:03038,test,meeting_schedule,6a19fe8c9362e8c6b6a45444d8ab1488c8e1325cb58e034b53b835c71f696175,0ada58822b66257420e77ea28c1ee0c6beff2ffedc78da7fe64ace4a8558198b,IN_SCOPE_TO_IN_SCOPE,ELIGIBLE,1
150,CLINC150,clinc150:test:04264,test,jump_start,clinc150:test:02164,test,make_call,932fdc30615d2490f077271a4bdbbaa416678741caf2e23dfd0f2f3af5da3ecb,c9b74a3719bd2b31dfa73ddac5ca622d1b5f26179bd3c376a01b32db7e6ec7b9,IN_SCOPE_TO_IN_SCOPE,ELIGIBLE,1
